link,has_been_scrapped
https://www.booking.com/hotel/fr/hotel-montparnasse.fr.html,1
https://www.booking.com/hotel/fr/terminus-vaugirard.fr.html,1
https://www.booking.com/hotel/fr/hotelistria.fr.html,1
https://www.booking.com/hotel/fr/jules-cesar-paris.fr.html,1
https://www.booking.com/hotel/fr/declic.fr.html,1
https://www.booking.com/hotel/fr/soft.fr.html,1
https://www.booking.com/hotel/fr/jeanne-d-39-arc-paris.fr.html,1
https://www.booking.com/hotel/fr/le-relais-du-marais.fr.html,1
https://www.booking.com/hotel/fr/amadeus-hotel.fr.html,1
https://www.booking.com/hotel/fr/jeff.fr.html,1
https://www.booking.com/hotel/fr/quality-hotel-abaca-paris-15eme.fr.html,1
https://www.booking.com/hotel/fr/kyriad-paris-xix-la-villette.fr.html,1
https://www.booking.com/hotel/fr/ibis-paris-place-d-italie.fr.html,1
https://www.booking.com/hotel/fr/la-perle-montparnasse.fr.html,1
https://www.booking.com/hotel/fr/pavillon-opera-lafayette.fr.html,1
https://www.booking.com/hotel/fr/le-laumia-re.fr.html,1
https://www.booking.com/hotel/fr/hipotel-paris-belfort.fr.html,1
https://www.booking.com/hotel/fr/eiffel-rive-gauche.fr.html,1
https://www.booking.com/hotel/fr/express-by-holiday-inn-paris-place-d-italie.fr.html,1
https://www.booking.com/hotel/fr/ibis-budget-paris-la-villette.fr.html,1
https://www.booking.com/hotel/fr/prince-alberrt-concordia.fr.html,1
https://www.booking.com/hotel/fr/hotelarcadie.fr.html,1
https://www.booking.com/hotel/fr/hotelterminuslyon.fr.html,1
https://www.booking.com/hotel/fr/rose-bourbon.fr.html,1
https://www.booking.com/hotel/fr/emile-paris.fr.html,1
https://www.booking.com/hotel/fr/bonne-nouvelle.fr.html,1
https://www.booking.com/hotel/fr/grand-ha-tel-la-c-vaaque.fr.html,1
https://www.booking.com/hotel/fr/hotelnovex.fr.html,1
https://www.booking.com/hotel/fr/ekta.fr.html,1
https://www.booking.com/hotel/fr/comforthotelsaintmartin.fr.html,1
https://www.booking.com/hotel/fr/prince-albert-lyon-bercy.fr.html,0
https://www.booking.com/hotel/fr/best-western-nouvel-orleans.fr.html,0
https://www.booking.com/hotel/fr/vice-versa.fr.html,0
https://www.booking.com/hotel/fr/marignan.fr.html,0
https://www.booking.com/hotel/fr/avenir-jonquiere.fr.html,0
https://www.booking.com/hotel/fr/citizenm-paris-gare-de-lyon.fr.html,0
https://www.booking.com/hotel/fr/best-western-premier-faubourg-88.fr.html,0
https://www.booking.com/hotel/fr/mercure-porte-de-versailles-vaugirard.fr.html,0
https://www.booking.com/hotel/fr/parc.fr.html,0
https://www.booking.com/hotel/fr/bestwesternmontcalmparis.fr.html,0
https://www.booking.com/hotel/fr/excelsior-latin.fr.html,0
https://www.booking.com/hotel/fr/moderne-du-temple.fr.html,0
https://www.booking.com/hotel/fr/du-home-moderne.fr.html,0
https://www.booking.com/hotel/fr/motel-one-paris-porte-doree.fr.html,0
https://www.booking.com/hotel/fr/ibis-paris-porte-de-montreuil.fr.html,0
https://www.booking.com/hotel/fr/hotelkyriaditaliegobelins.fr.html,0
https://www.booking.com/hotel/fr/hotel-du-mont-dore.fr.html,0
https://www.booking.com/hotel/fr/modern-s.fr.html,0
https://www.booking.com/hotel/fr/convention-montparnasse.fr.html,0
https://www.booking.com/hotel/fr/hotelallegroparis.fr.html,0
https://www.booking.com/hotel/fr/le-glams-hotel.fr.html,0
https://www.booking.com/hotel/fr/apostrophe.fr.html,0
https://www.booking.com/hotel/fr/ibis-style-paris-place-italie.fr.html,0
https://www.booking.com/hotel/fr/edgar-quinet.fr.html,0
https://www.booking.com/hotel/fr/manufacture.fr.html,0
https://www.booking.com/hotel/fr/monceauwagram.fr.html,0
https://www.booking.com/hotel/fr/relaislyonbastille.fr.html,0
https://www.booking.com/hotel/fr/du-terrage.fr.html,0
https://www.booking.com/hotel/fr/ibis-paris-alesia-montparnasse.fr.html,0
https://www.booking.com/hotel/fr/le-baldaquin-excelsior.fr.html,0
https://www.booking.com/hotel/fr/hotelbelgrand.fr.html,0
https://www.booking.com/hotel/fr/boronali.fr.html,0
https://www.booking.com/hotel/fr/europesaintseverin.fr.html,0
https://www.booking.com/hotel/fr/le-mediterraneen.fr.html,0
https://www.booking.com/hotel/fr/palym.fr.html,0
https://www.booking.com/hotel/fr/aston-paris.fr.html,0
https://www.booking.com/hotel/fr/helzear-champs-elysa-c-es.fr.html,0
https://www.booking.com/hotel/fr/kyriad-paris-18-porte-de-clignancourt-montmartre-xml.fr.html,0
https://www.booking.com/hotel/fr/best-western-plus-le-18-paris.fr.html,0
https://www.booking.com/hotel/fr/montholon.fr.html,0
https://www.booking.com/hotel/fr/elysee-gare-de-lyon.fr.html,0
https://www.booking.com/hotel/fr/le-cardinal-paris.fr.html,0
https://www.booking.com/hotel/fr/platine-hotel.fr.html,0
https://www.booking.com/hotel/fr/galileo.fr.html,0
https://www.booking.com/hotel/fr/holiday-inn-paris-la-villette.fr.html,0
https://www.booking.com/hotel/fr/lilasgambetta.fr.html,0
https://www.booking.com/hotel/fr/aberotel.fr.html,0
https://www.booking.com/hotel/fr/empire-paris.fr.html,0
https://www.booking.com/hotel/fr/altona-paris.fr.html,0
https://www.booking.com/hotel/fr/all-seasons-paris-tolbiac-bibliotheque-de-france.fr.html,0
https://www.booking.com/hotel/fr/ibis-paris-convention.fr.html,0
https://www.booking.com/hotel/fr/ideal-hotel-paris.fr.html,0
https://www.booking.com/hotel/fr/eiffel-turenne.fr.html,0
https://www.booking.com/hotel/fr/westside-arc-de-triomphe.fr.html,0
https://www.booking.com/hotel/fr/le-nouvel-ha-tel-du-tha-c-ac-tre.fr.html,0
https://www.booking.com/hotel/fr/roi-rene-paris-xvii.fr.html,0
https://www.booking.com/hotel/fr/ha-tel-cervantes.fr.html,0
https://www.booking.com/hotel/fr/de-sevigne-paris.fr.html,0
https://www.booking.com/hotel/fr/my-ins-style-home-lafayette.fr.html,0
https://www.booking.com/hotel/fr/choisy.fr.html,0
https://www.booking.com/hotel/fr/de-la-felicite-paris.fr.html,0
https://www.booking.com/hotel/fr/chatillon.fr.html,0
https://www.booking.com/hotel/fr/des-pyrenees.fr.html,0
https://www.booking.com/hotel/fr/hoteligny.fr.html,0
https://www.booking.com/hotel/fr/hotel-balladins-paris-8eme-confort.fr.html,0
https://www.booking.com/hotel/fr/de-l-avre.fr.html,0
https://www.booking.com/hotel/fr/best-western-premier-61-paris-nation-hotel.fr.html,0
https://www.booking.com/hotel/fr/flaubert.fr.html,0
https://www.booking.com/hotel/fr/portedeversaille.fr.html,0
https://www.booking.com/hotel/fr/au-nouvel-hotel-lyon.fr.html,0
https://www.booking.com/hotel/fr/studio.fr.html,0
https://www.booking.com/hotel/fr/royal-garden-champs-elysees.fr.html,0
https://www.booking.com/hotel/fr/two-rooms-flat-in-paris-next-to-public-transports.fr.html,0
https://www.booking.com/hotel/fr/beausejour-ranelagh.fr.html,0
https://www.booking.com/hotel/fr/france-eiffel.fr.html,0
https://www.booking.com/hotel/fr/tonic-saint-germain-des-pres.fr.html,0
https://www.booking.com/hotel/fr/du-bresil-75005-paris.fr.html,0
https://www.booking.com/hotel/fr/cosy-apartment-at-champs-elysee-1626.fr.html,0
https://www.booking.com/hotel/fr/apollon-montparnasse.fr.html,0
https://www.booking.com/hotel/fr/de-blois.fr.html,0
https://www.booking.com/hotel/fr/hotelparismontparn.fr.html,0
https://www.booking.com/hotel/fr/vip-paris-yacht.fr.html,0
https://www.booking.com/hotel/fr/du-quai-de-seine.fr.html,0
https://www.booking.com/hotel/fr/parisbercyvillage.fr.html,0
https://www.booking.com/hotel/fr/claude-bernard-saint-germain.fr.html,0
https://www.booking.com/hotel/fr/palma-paris.fr.html,0
https://www.booking.com/hotel/fr/tilde.fr.html,0
https://www.booking.com/hotel/fr/paris-bercy.fr.html,0
https://www.booking.com/hotel/fr/holiday-inn-express-paris-canal-de-la-villette.fr.html,0
https://www.booking.com/hotel/fr/exelmans.fr.html,0
https://www.booking.com/hotel/fr/tourisme-ha-tel.fr.html,0
https://www.booking.com/hotel/fr/b-amp-b-paris-porte-de-la-villette.fr.html,0
https://www.booking.com/hotel/fr/amiral.fr.html,0
https://www.booking.com/hotel/fr/britannique-paris.fr.html,0
https://www.booking.com/hotel/fr/trema.fr.html,0
https://www.booking.com/hotel/fr/ibis-paris-gare-de-l-est.fr.html,0
https://www.booking.com/hotel/fr/nouvel-hotel-eiffel.fr.html,0
https://www.booking.com/hotel/fr/ibis-budget-porte-d-orleans-paris-14.fr.html,0
https://www.booking.com/hotel/fr/faubourg-216-224.fr.html,0
https://www.booking.com/hotel/fr/lafayette-paris123.fr.html,0
https://www.booking.com/hotel/fr/ha-tel-des-andelys.fr.html,0
https://www.booking.com/hotel/fr/nadaud-ha-tel.fr.html,0
https://www.booking.com/hotel/fr/secret-de-paris-design-boutique.fr.html,0
https://www.booking.com/hotel/fr/la-planque-paris.fr.html,0
https://www.booking.com/hotel/fr/clauzel.fr.html,0
https://www.booking.com/hotel/fr/des-ducs-de-bourgogne.fr.html,0
https://www.booking.com/hotel/fr/terminus-montparnasse.fr.html,0
https://www.booking.com/hotel/fr/vendome-saint-germain-paris.fr.html,0
https://www.booking.com/hotel/fr/montecristo-paris.fr.html,0
https://www.booking.com/hotel/fr/best-western-aurore.fr.html,0
https://www.booking.com/hotel/fr/residence-voltaire.fr.html,0
https://www.booking.com/hotel/fr/comfort-hotel-gare-du-nord.fr.html,0
https://www.booking.com/hotel/fr/avenir-hotel.fr.html,0
https://www.booking.com/hotel/fr/de-la-paix-paris1.fr.html,0
https://www.booking.com/hotel/fr/ajiel.fr.html,0
https://www.booking.com/hotel/fr/suites-hotel-etoile-helzear.fr.html,0
https://www.booking.com/hotel/fr/riviera-elysees.fr.html,0
https://www.booking.com/hotel/fr/latour-maubourg.fr.html,0
https://www.booking.com/hotel/fr/aramis.fr.html,0
https://www.booking.com/hotel/fr/bestwesternfr.fr.html,0
https://www.booking.com/hotel/fr/marcel-paris.fr.html,0
https://www.booking.com/hotel/fr/tipi.fr.html,0
https://www.booking.com/hotel/fr/timquartierlatinpantheo.fr.html,0
https://www.booking.com/hotel/fr/nicolo.fr.html,0
https://www.booking.com/hotel/fr/paris-france.fr.html,0
https://www.booking.com/hotel/fr/relaislafayette.fr.html,0
https://www.booking.com/hotel/fr/citadines-aparthotel-bastillemarais.fr.html,0
https://www.booking.com/hotel/fr/jenner.fr.html,0
https://www.booking.com/hotel/fr/ha-tel-mazagran.fr.html,0
https://www.booking.com/hotel/fr/vestay-george-v.fr.html,0
https://www.booking.com/hotel/fr/au-coeur-du-marais-paris.fr.html,0
https://www.booking.com/hotel/fr/minerve.fr.html,0
https://www.booking.com/hotel/fr/jardindalesia.fr.html,0
https://www.booking.com/hotel/fr/alexandrie.fr.html,0
https://www.booking.com/hotel/fr/carladez-cambronne.fr.html,0
https://www.booking.com/hotel/fr/de-geneve.fr.html,0
https://www.booking.com/hotel/fr/hotelduparcsaintcharles.fr.html,0
https://www.booking.com/hotel/fr/marmotel-etoile.fr.html,0
https://www.booking.com/hotel/fr/bailli-de-suffren-tour-eiffel.fr.html,0
https://www.booking.com/hotel/fr/apollinaire-paris.fr.html,0
https://www.booking.com/hotel/fr/le-quartier-bastille-le-faubourg.fr.html,0
https://www.booking.com/hotel/fr/2-bedroom-champs-elysees.fr.html,0
https://www.booking.com/hotel/fr/hoteldecastiglione.fr.html,0
https://www.booking.com/hotel/fr/de-paris-montparnasse.fr.html,0
https://www.booking.com/hotel/fr/elyseesunion.fr.html,0
https://www.booking.com/hotel/fr/residence-de-bruxelles.fr.html,0
https://www.booking.com/hotel/fr/louvresainthonore.fr.html,0
https://www.booking.com/hotel/fr/villaroyale.fr.html,0
https://www.booking.com/hotel/fr/apartment-trocadero-paris.fr.html,0
https://www.booking.com/hotel/fr/de-la-poste-paris.fr.html,0
https://www.booking.com/hotel/fr/cosy-monceau.fr.html,0
https://www.booking.com/hotel/fr/ibis-paris-tour-montparnasse-15eme.fr.html,0
https://www.booking.com/hotel/fr/des-grandes-ecoles.fr.html,0
https://www.booking.com/hotel/fr/merryl.fr.html,0
https://www.booking.com/hotel/fr/luxelthe.fr.html,0
https://www.booking.com/hotel/fr/hotelbaldi.fr.html,0
https://www.booking.com/hotel/fr/toureiffelparis.fr.html,0
https://www.booking.com/hotel/fr/hotel-lucien-et-marinette.fr.html,0
https://www.booking.com/hotel/fr/eiffel-villa-garibaldi.fr.html,0
https://www.booking.com/hotel/fr/expo-studio.fr.html,0
https://www.booking.com/hotel/fr/de-lille-louvre.fr.html,0
https://www.booking.com/hotel/fr/les-degra-c-s-de-notre-dame.fr.html,0
https://www.booking.com/hotel/fr/de-senlis.fr.html,0
https://www.booking.com/hotel/fr/hoteldereuillyparis.fr.html,0
https://www.booking.com/hotel/fr/bwdebretagne.fr.html,0
https://www.booking.com/hotel/fr/de-l-exposition-tour-eiffel.fr.html,0
https://www.booking.com/hotel/fr/jules.fr.html,0
https://www.booking.com/hotel/fr/meyerhold-amp-spa.fr.html,0
https://www.booking.com/hotel/fr/armoni-paris.fr.html,0
https://www.booking.com/hotel/fr/media-paris.fr.html,0
https://www.booking.com/hotel/fr/le-compostelle.fr.html,0
https://www.booking.com/hotel/fr/generator-paris.fr.html,0
https://www.booking.com/hotel/fr/park-lane-paris.fr.html,0
https://www.booking.com/hotel/fr/citotel-sport-hotel.fr.html,0
https://www.booking.com/hotel/fr/ermitage.fr.html,0
https://www.booking.com/hotel/fr/montparnasse-paris-paris.fr.html,0
https://www.booking.com/hotel/fr/du-vieux-marais.fr.html,0
https://www.booking.com/hotel/fr/inter-du-calvados.fr.html,0
https://www.booking.com/hotel/fr/little-regina.fr.html,0
https://www.booking.com/hotel/fr/lehameaudepassy.fr.html,0
https://www.booking.com/hotel/fr/comfort-paris-la-fayette.fr.html,0
https://www.booking.com/hotel/fr/park-and-suites-grande-bibliotheque.fr.html,0
https://www.booking.com/hotel/fr/eiffel-atlantique.fr.html,0
https://www.booking.com/hotel/fr/mattle.fr.html,0
https://www.booking.com/hotel/fr/ibis-styles-paris-meteor-avenue-d-italie.fr.html,0
https://www.booking.com/hotel/fr/hotelinnova.fr.html,0
https://www.booking.com/hotel/fr/comfort-paris-6eme-montparnasse.fr.html,0
https://www.booking.com/hotel/fr/des-arts-paris1.fr.html,0
https://www.booking.com/hotel/fr/richard.fr.html,0
https://www.booking.com/hotel/fr/elysees.fr.html,0
https://www.booking.com/hotel/fr/tonic-du-louvre.fr.html,0
https://www.booking.com/hotel/fr/elysa-c-e-secret.fr.html,0
https://www.booking.com/hotel/fr/cosy.fr.html,0
https://www.booking.com/hotel/fr/hotelastrid.fr.html,0
https://www.booking.com/hotel/fr/edgar-suites-expo-paris-porte-de-versailles.fr.html,0
https://www.booking.com/hotel/fr/hotel-elysees-paris-france.fr.html,0
https://www.booking.com/hotel/fr/snob-by-elegancia.fr.html,0
https://www.booking.com/hotel/fr/hoteldelaterrassepar.fr.html,0
https://www.booking.com/hotel/fr/ideal-paris.fr.html,0
https://www.booking.com/hotel/fr/kyriad-paris-10-canal-saint-martin-ra-c-publique-xml.fr.html,0
https://www.booking.com/hotel/fr/opera-marigny.fr.html,0
https://www.booking.com/hotel/fr/citadines-aparthotel-didotalesia.fr.html,0
https://www.booking.com/hotel/fr/libertel-amiral-duperre.fr.html,0
https://www.booking.com/hotel/fr/hotelcrimee.fr.html,0
https://www.booking.com/hotel/fr/peace-love.fr.html,0
https://www.booking.com/hotel/fr/du-levant.fr.html,0
https://www.booking.com/hotel/fr/ha-tel-londres-saint-honora-c-paris.fr.html,0
https://www.booking.com/hotel/fr/ha-tel-ambre.fr.html,0
https://www.booking.com/hotel/fr/des-batignolles.fr.html,0
https://www.booking.com/hotel/fr/off-paris-seine.fr.html,0
https://www.booking.com/hotel/fr/citadines-paris-bastille-nation.fr.html,0
https://www.booking.com/hotel/fr/anya.fr.html,0
https://www.booking.com/hotel/fr/hipotel-gambetta.fr.html,0
https://www.booking.com/hotel/fr/adriatic.fr.html,0
https://www.booking.com/hotel/fr/hotel-the-playce-by-happyculture.fr.html,0
https://www.booking.com/hotel/fr/modernestgermain.fr.html,0
https://www.booking.com/hotel/fr/ibis-styles-paris-gare-de-l-est-tgv.fr.html,0
https://www.booking.com/hotel/fr/mercure-paris-pigalle-sacre-coeur-opening-december-2015.fr.html,0
https://www.booking.com/hotel/fr/hotel-plat-etain.fr.html,0
https://www.booking.com/hotel/fr/jarry-confort.fr.html,0
https://www.booking.com/hotel/fr/passagedubail.fr.html,0
https://www.booking.com/hotel/fr/de-l-aveyron.fr.html,0
https://www.booking.com/hotel/fr/paris-crimee-la-villette.fr.html,0
https://www.booking.com/hotel/fr/choiseul-opera.fr.html,0
https://www.booking.com/hotel/fr/de-flore-paris.fr.html,0
https://www.booking.com/hotel/fr/luxia.fr.html,0
https://www.booking.com/hotel/fr/habituel.fr.html,0
https://www.booking.com/hotel/fr/le-mireille-paris.fr.html,0
https://www.booking.com/hotel/fr/maubeuge.fr.html,0
https://www.booking.com/hotel/fr/mondial-paris.fr.html,0
https://www.booking.com/hotel/fr/cambrai.fr.html,0
https://www.booking.com/hotel/fr/tour-eiffel-centre.fr.html,0
https://www.booking.com/hotel/fr/timmontparnasse.fr.html,0
https://www.booking.com/hotel/fr/bedford.fr.html,0
https://www.booking.com/hotel/fr/les-jardins-de-la-villa.fr.html,0
https://www.booking.com/hotel/fr/saintonge.fr.html,0
https://www.booking.com/hotel/fr/de-nemours-paris.fr.html,0
https://www.booking.com/hotel/fr/saint-charles-paris.fr.html,0
https://www.booking.com/hotel/fr/de-l-europe-paris2.fr.html,0
https://www.booking.com/hotel/fr/du-midi-paris.fr.html,0
https://www.booking.com/hotel/fr/la-parizienne.fr.html,0
https://www.booking.com/hotel/fr/etap-paris-porte-de-montmartre.fr.html,0
https://www.booking.com/hotel/fr/ibis-avenue-d-italie.fr.html,0
https://www.booking.com/hotel/fr/kyriad-montmartre.fr.html,0
https://www.booking.com/hotel/fr/bastille-paris1.fr.html,0
https://www.booking.com/hotel/fr/beauchamps.fr.html,0
https://www.booking.com/hotel/fr/dauphinesaintgermain.fr.html,0
https://www.booking.com/hotel/fr/montparnasse-saint-germain.fr.html,0
https://www.booking.com/hotel/fr/ibis-gare-de-lyon-diderot.fr.html,0
https://www.booking.com/hotel/fr/americain-paris.fr.html,0
https://www.booking.com/hotel/fr/ra-c-sidence-clignancourt.fr.html,0
https://www.booking.com/hotel/fr/placeclichy.fr.html,0
https://www.booking.com/hotel/fr/short-stay-appartement-museum-view.fr.html,0
https://www.booking.com/hotel/fr/hotel-jacques-de-molay.fr.html,0
https://www.booking.com/hotel/fr/novanox-paris.fr.html,0
https://www.booking.com/hotel/fr/pvmontmartre.fr.html,0
https://www.booking.com/hotel/fr/brighton.fr.html,0
https://www.booking.com/hotel/fr/le-marquis.fr.html,0
https://www.booking.com/hotel/fr/au-pacific.fr.html,0
https://www.booking.com/hotel/fr/aparthotel-adagio-paris-nation.fr.html,0
https://www.booking.com/hotel/fr/mercure-paris-gare-de-lyon.fr.html,0
https://www.booking.com/hotel/fr/the-five.fr.html,0
https://www.booking.com/hotel/fr/hotel-montfleuri.fr.html,0
https://www.booking.com/hotel/fr/lord-byron.fr.html,0
https://www.booking.com/hotel/fr/les-plumes.fr.html,0
https://www.booking.com/hotel/fr/citadines-aparthotel-tour-eiffel.fr.html,0
https://www.booking.com/hotel/fr/mercure-paris-17-batignolles.fr.html,0
https://www.booking.com/hotel/fr/victor-masse.fr.html,0
https://www.booking.com/hotel/fr/d-39-argenson.fr.html,0
https://www.booking.com/hotel/fr/qualys-paris-montmatre.fr.html,0
https://www.booking.com/hotel/fr/derby-eiffel-hotel.fr.html,0
https://www.booking.com/hotel/fr/new-le-voltaire.fr.html,0
https://www.booking.com/hotel/fr/our-house-bed.fr.html,0
https://www.booking.com/hotel/fr/residhome-paris-gare-de-lyon-jacqueline-de-romilly.fr.html,0
https://www.booking.com/hotel/fr/grand-de-france.fr.html,0
https://www.booking.com/hotel/fr/meininger-paris-porte-de-vincennes.fr.html,0
https://www.booking.com/hotel/fr/de-l-orchidee.fr.html,0
https://www.booking.com/hotel/fr/34b-astotel.fr.html,0
https://www.booking.com/hotel/fr/hotelf1-paris-porte-de-chatillon-paris.fr.html,0
https://www.booking.com/hotel/fr/residhome-paris-rosa-parks.fr.html,0
https://www.booking.com/hotel/fr/best-western-louvre-piemont.fr.html,0
https://www.booking.com/hotel/fr/residence-du-pre.fr.html,0
https://www.booking.com/hotel/fr/du-prince-eugene.fr.html,0
https://www.booking.com/hotel/fr/liege-strasbourg.fr.html,0
https://www.booking.com/hotel/fr/luxury-2-bedroom-montorgueil.fr.html,0
https://www.booking.com/hotel/fr/pavillon-de-paris.fr.html,0
https://www.booking.com/hotel/fr/eiffel-village-apartments-paris-centre.fr.html,0
https://www.booking.com/hotel/fr/paris-louis-blanc.fr.html,0
https://www.booking.com/hotel/fr/les-bulles-de-paris.fr.html,0
https://www.booking.com/hotel/fr/ibis-paris-pa-re-lachaise.fr.html,0
https://www.booking.com/hotel/fr/hotelfrancealbion.fr.html,0
https://www.booking.com/hotel/fr/carofftel-gobelins.fr.html,0
https://www.booking.com/hotel/fr/arc-de-triomphe.fr.html,0
https://www.booking.com/hotel/fr/residencefoch.fr.html,0
https://www.booking.com/hotel/fr/le-petit-paris.fr.html,0
https://www.booking.com/hotel/fr/best-western-plus-litteraire-marcel.fr.html,0
https://www.booking.com/hotel/fr/residence-charles-floquet.fr.html,0
https://www.booking.com/hotel/fr/lodge-in-mis.fr.html,0
https://www.booking.com/hotel/fr/du-mont-blanc.fr.html,0
https://www.booking.com/hotel/fr/paris-massena-olympiades.fr.html,0
https://www.booking.com/hotel/fr/inter-lecourbe.fr.html,0
https://www.booking.com/hotel/fr/lemerietoilepar.fr.html,0
https://www.booking.com/hotel/fr/opera-diamond.fr.html,0
https://www.booking.com/hotel/fr/clarionstjames.fr.html,0
https://www.booking.com/hotel/fr/legend.fr.html,0
https://www.booking.com/hotel/fr/hipark-paris-la-villette.fr.html,0
https://www.booking.com/hotel/fr/lesenatparis.fr.html,0
https://www.booking.com/hotel/fr/appart-39-odalys-paris-xvii.fr.html,0
https://www.booking.com/hotel/fr/de-la-place-du-louvre.fr.html,0
https://www.booking.com/hotel/fr/verlain.fr.html,0
https://www.booking.com/hotel/fr/villa-athena.fr.html,0
https://www.booking.com/hotel/fr/helderopera.fr.html,0
https://www.booking.com/hotel/fr/ramada-paris-toureiffel.fr.html,0
https://www.booking.com/hotel/fr/hoteledenmontmartre.fr.html,0
https://www.booking.com/hotel/fr/hotelduboisparis.fr.html,0
https://www.booking.com/hotel/fr/du-lion-d-or.fr.html,0
https://www.booking.com/hotel/fr/alhambra-paris.fr.html,0
https://www.booking.com/hotel/fr/royal-opera.fr.html,0
https://www.booking.com/hotel/fr/hotelelyseesceramic.fr.html,0
https://www.booking.com/hotel/fr/citadines-aparthotel-paris-voltaire-republique.fr.html,0
https://www.booking.com/hotel/fr/appartement-sevres-champ-de-mars.fr.html,0
https://www.booking.com/hotel/fr/residence-bergere.fr.html,0
https://www.booking.com/hotel/fr/peyris-opera.fr.html,0
https://www.booking.com/hotel/fr/ha-tel-ibis-paris-gare-de-lyon-ledru-rollin.fr.html,0
https://www.booking.com/hotel/fr/beausejour-paris.fr.html,0
https://www.booking.com/hotel/fr/viator.fr.html,0
https://www.booking.com/hotel/fr/du-college-de-france.fr.html,0
https://www.booking.com/hotel/fr/garden-opera-paris.fr.html,0
https://www.booking.com/hotel/fr/sorbonne.fr.html,0
https://www.booking.com/hotel/fr/sacre-coeur-paris-montmartre.fr.html,0
https://www.booking.com/hotel/fr/danemark-paris.fr.html,0
https://www.booking.com/hotel/fr/vignon.fr.html,0
https://www.booking.com/hotel/fr/gtcayre.fr.html,0
https://www.booking.com/hotel/fr/hotelcentralparis.fr.html,0
https://www.booking.com/hotel/fr/holidaysinparis-republique.fr.html,0
https://www.booking.com/hotel/fr/hoteldeneuville.fr.html,0
https://www.booking.com/hotel/fr/timjardindesplantes.fr.html,0
https://www.booking.com/hotel/fr/eiffel-xv-paris.fr.html,0
https://www.booking.com/hotel/fr/abba-montparnasse.fr.html,0
https://www.booking.com/hotel/fr/le-saint-germain-des-pres.fr.html,0
https://www.booking.com/hotel/fr/riviera-paris.fr.html,0
https://www.booking.com/hotel/fr/louvre-richelieu.fr.html,0
https://www.booking.com/hotel/fr/hotelleshautsdepassytrocaderoeiffel.fr.html,0
https://www.booking.com/hotel/fr/hoteldesminesparis.fr.html,0
https://www.booking.com/hotel/fr/ac-paris-porte-maillot-by-marriott.fr.html,0
https://www.booking.com/hotel/fr/residence-voute-by-patios-du-marais.fr.html,0
https://www.booking.com/hotel/fr/pavillonbastille.fr.html,0
https://www.booking.com/hotel/fr/citadines-aparthotel-opera-drouot.fr.html,0
https://www.booking.com/hotel/fr/crayon-rouge.fr.html,0
https://www.booking.com/hotel/fr/grand-de-l-avenue-paris.fr.html,0
https://www.booking.com/hotel/fr/hotel-henriette.fr.html,0
https://www.booking.com/hotel/fr/desaintgermain.fr.html,0
https://www.booking.com/hotel/fr/25hours-paris-terminus-nord.fr.html,0
https://www.booking.com/hotel/fr/hotelwaldorf.fr.html,0
https://www.booking.com/hotel/fr/des-arts-paris.fr.html,0
https://www.booking.com/hotel/fr/terminus-orleans-paris.fr.html,0
https://www.booking.com/hotel/fr/champs-elysees-lincoln-appatements.fr.html,0
https://www.booking.com/hotel/fr/maison-lepic-montmartre.fr.html,0
https://www.booking.com/hotel/fr/libertel-suede-gare-du-nord.fr.html,0
https://www.booking.com/hotel/fr/de-venise.fr.html,0
https://www.booking.com/hotel/fr/des-vosges-paris.fr.html,0
https://www.booking.com/hotel/fr/bob-by-elegancia.fr.html,0
https://www.booking.com/hotel/fr/ibis-paris-bercy-village.fr.html,0
https://www.booking.com/hotel/fr/hotelalbe.fr.html,0
https://www.booking.com/hotel/fr/paris-4th-street-rivoli-the-marais.fr.html,0
https://www.booking.com/hotel/fr/libertel-austerlitz.fr.html,0
https://www.booking.com/hotel/fr/appart-city-cap-affaires-paris.fr.html,0
https://www.booking.com/hotel/fr/parissaintgermainpres.fr.html,0
https://www.booking.com/hotel/fr/monceau-elysees.fr.html,0
https://www.booking.com/hotel/fr/legeneral.fr.html,0
https://www.booking.com/hotel/fr/montpellier-paris.fr.html,0
https://www.booking.com/hotel/fr/hotelauteuiltoureiffel.fr.html,0
https://www.booking.com/hotel/fr/la-herse-d-or.fr.html,0
https://www.booking.com/hotel/fr/citea-philippe-auguste.fr.html,0
https://www.booking.com/hotel/fr/de-la-tamise-paris.fr.html,0
https://www.booking.com/hotel/fr/francais-paris.fr.html,0
https://www.booking.com/hotel/fr/des-victoires.fr.html,0
https://www.booking.com/hotel/fr/de-mericourt.fr.html,0
https://www.booking.com/hotel/fr/bastille-hostel.fr.html,0
https://www.booking.com/hotel/fr/de-roubaix.fr.html,0
https://www.booking.com/hotel/fr/malesherbes.fr.html,0
https://www.booking.com/hotel/fr/perfect-amp-hostel.fr.html,0
https://www.booking.com/hotel/fr/my-nest-inn-apartment-quartier-latin.fr.html,0
https://www.booking.com/hotel/fr/r-kipling.fr.html,0
https://www.booking.com/hotel/fr/ha-tel-magenta.fr.html,0
https://www.booking.com/hotel/fr/sully-paris.fr.html,0
https://www.booking.com/hotel/fr/timnation.fr.html,0
https://www.booking.com/hotel/fr/du-rond-point-des-champs-elysees.fr.html,0
https://www.booking.com/hotel/fr/saint-jacques-paris.fr.html,0
https://www.booking.com/hotel/fr/ymmo-paris.fr.html,0
https://www.booking.com/hotel/fr/hyatt-regency-paris-etoile.fr.html,0
https://www.booking.com/hotel/fr/d-argentine.fr.html,0
https://www.booking.com/hotel/fr/azur-paris.fr.html,0
https://www.booking.com/hotel/fr/holiday-inn-paris-notre-dame.fr.html,0
https://www.booking.com/hotel/fr/champselysees.fr.html,0
https://www.booking.com/hotel/fr/hotelopal.fr.html,0
https://www.booking.com/hotel/fr/le-marianne.fr.html,0
https://www.booking.com/hotel/fr/gotty-opera.fr.html,0
https://www.booking.com/hotel/fr/citadines-aparthotel-montmartre.fr.html,0
https://www.booking.com/hotel/fr/edouardvi.fr.html,0
https://www.booking.com/hotel/fr/paris-legendre.fr.html,0
https://www.booking.com/hotel/fr/hotel-le-relais-saint-charles.fr.html,0
https://www.booking.com/hotel/fr/gorgeous-paris-eiffel-tower.fr.html,0
https://www.booking.com/hotel/fr/de-seze-paris.fr.html,0
https://www.booking.com/hotel/fr/atlantic-paris.fr.html,0
https://www.booking.com/hotel/fr/tour-eiffel.fr.html,0
https://www.booking.com/hotel/fr/le-pradey.fr.html,0
https://www.booking.com/hotel/fr/de-nantes.fr.html,0
https://www.booking.com/hotel/fr/qualitypulitzeropera.fr.html,0
https://www.booking.com/hotel/fr/apartment-arc-de-triomphe-paris1.fr.html,0
https://www.booking.com/hotel/fr/timhotel-paris-du-gare-du-nord.fr.html,0
https://www.booking.com/hotel/fr/cujas.fr.html,0
https://www.booking.com/hotel/fr/richmond.fr.html,0
https://www.booking.com/hotel/fr/paris-voltaire.fr.html,0
https://www.booking.com/hotel/fr/edouard.fr.html,0
https://www.booking.com/hotel/fr/duc-de-st-simon.fr.html,0
https://www.booking.com/hotel/fr/citadines-aparthotel-maine-montparnasse.fr.html,0
https://www.booking.com/hotel/fr/kyriad-paris-xv-brancion.fr.html,0
https://www.booking.com/hotel/fr/duquesneeiffel.fr.html,0
https://www.booking.com/hotel/fr/le-123-sa-c-bastopol.fr.html,0
https://www.booking.com/hotel/fr/hotel-du-triangle-dor.fr.html,0
https://www.booking.com/hotel/fr/architect-loft-in-north-marais.fr.html,0
https://www.booking.com/hotel/fr/paris-porte-d-orleans.fr.html,0
https://www.booking.com/hotel/fr/appartement-historique-parisien-du-xviii-siecle.fr.html,0
https://www.booking.com/hotel/fr/du-jeu-de-paume.fr.html,0
https://www.booking.com/hotel/fr/des-carmes-paris.fr.html,0
https://www.booking.com/hotel/fr/edgar-suites-charming-apartment-on-the-left-bank.fr.html,0
https://www.booking.com/hotel/fr/hoteldaguerre.fr.html,0
https://www.booking.com/hotel/fr/sweet-inn-apartments-saint-denis.fr.html,0
https://www.booking.com/hotel/fr/ha-tel-mac-mahon.fr.html,0
https://www.booking.com/hotel/fr/citadines-aparthotel-louvre.fr.html,0
https://www.booking.com/hotel/fr/mgallery-molitor.fr.html,0
https://www.booking.com/hotel/fr/royal-saint-michel.fr.html,0
https://www.booking.com/hotel/fr/maison-breguet-paris.fr.html,0
https://www.booking.com/hotel/fr/novotel-paris-les-halles.fr.html,0
https://www.booking.com/hotel/fr/ibis-paris-sacre-coeur.fr.html,0
https://www.booking.com/hotel/fr/apartments-du-louvre.fr.html,0
https://www.booking.com/hotel/fr/etoile-park.fr.html,0
https://www.booking.com/hotel/fr/observatoireluxembour.fr.html,0
https://www.booking.com/hotel/fr/square.fr.html,0
https://www.booking.com/hotel/fr/le-mareuil.fr.html,0
https://www.booking.com/hotel/fr/le-damantin-amp-spa.fr.html,0
https://www.booking.com/hotel/fr/hotel-paris-bastille.fr.html,0
https://www.booking.com/hotel/fr/le-paris-18.fr.html,0
https://www.booking.com/hotel/fr/ibis-styles-paris-15-lecourbe.fr.html,0
https://www.booking.com/hotel/fr/citadines-aparthotel-saint-germain-des-pres.fr.html,0
https://www.booking.com/hotel/fr/citadines-aparthotel-trocadero.fr.html,0
https://www.booking.com/hotel/fr/le-placide-saint-germain-des-pres.fr.html,0
https://www.booking.com/hotel/fr/paris-4th-center-of-marais-chic-amp-elegant.fr.html,0
https://www.booking.com/hotel/fr/simon-39-s-boutique.fr.html,0
https://www.booking.com/hotel/fr/nolinski-paris.fr.html,0
https://www.booking.com/hotel/fr/the-residence-luxury-2-bedroom-apartment-montorgueil.fr.html,0
https://www.booking.com/hotel/fr/the-people-hostel-paris-12.fr.html,0
https://www.booking.com/hotel/fr/le-walt.fr.html,0
https://www.booking.com/hotel/fr/community-of-quality.fr.html,0
https://www.booking.com/hotel/fr/home-sweet-home-paris12.fr.html,0
https://www.booking.com/hotel/fr/mom-39-art.fr.html,0
https://www.booking.com/hotel/fr/leonard-de-vinci.fr.html,0
https://www.booking.com/hotel/fr/mercedes.fr.html,0
https://www.booking.com/hotel/fr/castexhotel.fr.html,0
https://www.booking.com/hotel/fr/paris-1st-place-vendome-a-jewel.fr.html,0
https://www.booking.com/hotel/fr/1-k-hotel.fr.html,0
https://www.booking.com/hotel/fr/apartments-ws-marais-musee-pompidou.fr.html,0
https://www.booking.com/hotel/fr/residence-champ-de-mars.fr.html,0
https://www.booking.com/hotel/fr/champs-elysees-arc-de-triomphe-apartment.fr.html,0
https://www.booking.com/hotel/fr/saintpetersbourg.fr.html,0
https://www.booking.com/hotel/fr/de-suez.fr.html,0
https://www.booking.com/hotel/fr/st-christopher-s-inn-paris-gare-du-nord.fr.html,0
https://www.booking.com/hotel/fr/relaiscambronne.fr.html,0
https://www.booking.com/hotel/fr/phileas-hotel.fr.html,0
https://www.booking.com/hotel/fr/dreamyflat-residence.fr.html,0
https://www.booking.com/hotel/fr/paris-6th-saint-honore-6-people.fr.html,0
https://www.booking.com/hotel/fr/warwickchampselysees.fr.html,0
https://www.booking.com/hotel/fr/le-clos-de-l-olivier-paris.fr.html,0
https://www.booking.com/hotel/fr/euga-ne-en-ville.fr.html,0
https://www.booking.com/hotel/fr/sloth-loft-montmarte.fr.html,0
https://www.booking.com/hotel/fr/the-hoxton-paris.fr.html,0
https://www.booking.com/hotel/fr/les-piaules.fr.html,0
https://www.booking.com/hotel/fr/acaciasetoile.fr.html,0
https://www.booking.com/hotel/fr/paris-6th-st-germain-des-pres-latin-quater.fr.html,0
https://www.booking.com/hotel/fr/lademeure_paris.fr.html,0
https://www.booking.com/hotel/fr/cambon.fr.html,0
https://www.booking.com/hotel/fr/gtoperanoailles.fr.html,0
https://www.booking.com/hotel/fr/le-17-paris.fr.html,0
https://www.booking.com/hotel/fr/helzear-rive-gauche.fr.html,0
https://www.booking.com/hotel/fr/la-residence-du-senateur.fr.html,0
https://www.booking.com/hotel/fr/comfort-opera-drouot.fr.html,0
https://www.booking.com/hotel/fr/hotelrelaisbosquet.fr.html,0
https://www.booking.com/hotel/fr/portedeversailles.fr.html,0
https://www.booking.com/hotel/fr/luxor-bastille.fr.html,0
https://www.booking.com/hotel/fr/maison-albar-paris-celine.fr.html,0
https://www.booking.com/hotel/fr/ha-tel-atlantis.fr.html,0
https://www.booking.com/hotel/fr/ra-c-sidence-du-lion-d-or-louvre.fr.html,0
https://www.booking.com/hotel/fr/sweet-inn-apartments-monsigny.fr.html,0
https://www.booking.com/hotel/fr/modernhotel.fr.html,0
https://www.booking.com/hotel/fr/paris-marriott-champs-elysees.fr.html,0
https://www.booking.com/hotel/fr/temple-studio-ii.fr.html,0
https://www.booking.com/hotel/fr/kube.fr.html,0
https://www.booking.com/hotel/fr/residencedaubenton.fr.html,0
https://www.booking.com/hotel/fr/pacific-montmartre-nord.fr.html,0
https://www.booking.com/hotel/fr/amiral-fondary.fr.html,0
https://www.booking.com/hotel/fr/hotel-maison-fl.fr.html,0
https://www.booking.com/hotel/fr/paris-romantique-paris.fr.html,0
https://www.booking.com/hotel/fr/printania.fr.html,0
https://www.booking.com/hotel/fr/residence-internationale-de-paris.fr.html,0
https://www.booking.com/hotel/fr/avia-ha-tel.fr.html,0
https://www.booking.com/hotel/fr/des-trois-gares.fr.html,0
https://www.booking.com/hotel/fr/eiffel-tour-view-apartment.fr.html,0
https://www.booking.com/hotel/fr/cmg-gambetta.fr.html,0
https://www.booking.com/hotel/fr/nouvel-paris1234567.fr.html,0
https://www.booking.com/hotel/fr/pa-c-niche-le-nenuphar.fr.html,0
https://www.booking.com/hotel/fr/ha-tel-du-pont-neuf.fr.html,0
https://www.booking.com/hotel/fr/relaishotelvieuxparis.fr.html,0
https://www.booking.com/hotel/fr/grand-de-l-europe-paris.fr.html,0
https://www.booking.com/hotel/fr/mode-arc-de-triomphe.fr.html,0
https://www.booking.com/hotel/fr/victoria-paris.fr.html,0
https://www.booking.com/hotel/fr/relaisdulouvre.fr.html,0
https://www.booking.com/hotel/fr/hotelparisvillette.fr.html,0
https://www.booking.com/hotel/fr/ibis-paris-grands-boulevards-opa-c-ra-9e.fr.html,0
https://www.booking.com/hotel/fr/audran.fr.html,0
https://www.booking.com/hotel/fr/coin-de-paradis-au-pied-du-sacre-coeur.fr.html,0
https://www.booking.com/hotel/fr/wagram.fr.html,0
https://www.booking.com/hotel/fr/campparmainemontpar.fr.html,0
https://www.booking.com/hotel/fr/parisboulevardberthier.fr.html,0
https://www.booking.com/hotel/fr/rivoli-paris.fr.html,0
https://www.booking.com/hotel/fr/all-seasons-paris-republique.fr.html,0
https://www.booking.com/hotel/fr/yooma-urban-lodge.fr.html,0
https://www.booking.com/hotel/fr/aris-nord.fr.html,0
https://www.booking.com/hotel/fr/ramey-paris.fr.html,0
https://www.booking.com/hotel/fr/lejardindecluny.fr.html,0
https://www.booking.com/hotel/fr/hotelchatillon.fr.html,0
https://www.booking.com/hotel/fr/alfa-paris-nation.fr.html,0
https://www.booking.com/hotel/fr/ascott-arc-de-triomphe-paris.fr.html,0
https://www.booking.com/hotel/fr/ferrandi.fr.html,0
https://www.booking.com/hotel/fr/maison-albar-hotels-le-diamond.fr.html,0
https://www.booking.com/hotel/fr/apartment-louvre-paris1.fr.html,0
https://www.booking.com/hotel/fr/ramey.fr.html,0
https://www.booking.com/hotel/fr/du-cygne-paris.fr.html,0
https://www.booking.com/hotel/fr/citea-la-villette.fr.html,0
https://www.booking.com/hotel/fr/de-crillon-paris.fr.html,0
https://www.booking.com/hotel/fr/raphael.fr.html,0
https://www.booking.com/hotel/fr/bastille-faubourg-st-antoine.fr.html,0
https://www.booking.com/hotel/fr/cler-paris.fr.html,0
https://www.booking.com/hotel/fr/mercure-paris-suffren-tour-eiffel.fr.html,0
https://www.booking.com/hotel/fr/lebron.fr.html,0
https://www.booking.com/hotel/fr/luxury-3-bedroom-2-bathroom-apartment-with-ac-louvre.fr.html,0
https://www.booking.com/hotel/fr/arleytoureiffelparis.fr.html,0
https://www.booking.com/hotel/fr/provinces-opera.fr.html,0
https://www.booking.com/hotel/fr/citadines-aparthotel-austerlitz.fr.html,0
https://www.booking.com/hotel/fr/le-malown.fr.html,0
https://www.booking.com/hotel/fr/saint-cyr-a-c-toile.fr.html,0
https://www.booking.com/hotel/fr/de-l-39-union.fr.html,0
https://www.booking.com/hotel/fr/longchamp-elysees.fr.html,0
https://www.booking.com/hotel/fr/eiffel-tower-royal-apartment.fr.html,0
https://www.booking.com/hotel/fr/les-patios-du-marais.fr.html,0
https://www.booking.com/hotel/fr/bestwesternfranceeurope.fr.html,0
https://www.booking.com/hotel/fr/beautiful-lincoln-apartment.fr.html,0
https://www.booking.com/hotel/fr/miramar-paris.fr.html,0
https://www.booking.com/hotel/fr/des-arenes.fr.html,0
https://www.booking.com/hotel/fr/santana.fr.html,0
https://www.booking.com/hotel/fr/pullman-paris-bercy.fr.html,0
https://www.booking.com/hotel/fr/de-france-paris2.fr.html,0
https://www.booking.com/hotel/fr/comfort-paris-18eme-saint-pierre.fr.html,0
https://www.booking.com/hotel/fr/hotel-ecole-centrale.fr.html,0
https://www.booking.com/hotel/fr/timoperamadeleine.fr.html,0
https://www.booking.com/hotel/fr/suitehotel-paris-porte-de-la-chapelle.fr.html,0
https://www.booking.com/hotel/fr/lelavoisierparis.fr.html,0
https://www.booking.com/hotel/fr/celtic-paris.fr.html,0
https://www.booking.com/hotel/fr/appartement-design-a-montmartre.fr.html,0
https://www.booking.com/hotel/fr/relais-du-pre.fr.html,0
https://www.booking.com/hotel/fr/holding-floridor.fr.html,0
https://www.booking.com/hotel/fr/timhotel-paris-gar.fr.html,0
https://www.booking.com/hotel/fr/coypel.fr.html,0
https://www.booking.com/hotel/fr/plazaelysees.fr.html,0
https://www.booking.com/hotel/fr/alesiamontparnasse.fr.html,0
https://www.booking.com/hotel/fr/nouvel-paris-18.fr.html,0
https://www.booking.com/hotel/fr/ibis-styles-paris-nation-cour-de-vincennes.fr.html,0
https://www.booking.com/hotel/fr/alberginn-suites-les-halles.fr.html,0
https://www.booking.com/hotel/fr/josephine-bonaparte.fr.html,0
https://www.booking.com/hotel/fr/best-western-premier-litteraire-le-swann.fr.html,0
https://www.booking.com/hotel/fr/cluny-sorbonne.fr.html,0
https://www.booking.com/hotel/fr/paris-centre-paris1.fr.html,0
https://www.booking.com/hotel/fr/mercure-chateau-landon-gare-de-l-est.fr.html,0
https://www.booking.com/hotel/fr/stunning-spacious-family-flat-bastille.fr.html,0
https://www.booking.com/hotel/fr/de-l-arcade.fr.html,0
https://www.booking.com/hotel/fr/lutetia-paris12.fr.html,0
https://www.booking.com/hotel/fr/mistral-paris1.fr.html,0
https://www.booking.com/hotel/fr/paris-place-d-italie.fr.html,0
https://www.booking.com/hotel/fr/mayet.fr.html,0
https://www.booking.com/hotel/fr/de-france-quartier-latin.fr.html,0
https://www.booking.com/hotel/fr/aida-marais.fr.html,0
https://www.booking.com/hotel/fr/chic-flat-le-marais-place-des-vosges-paris.fr.html,0
https://www.booking.com/hotel/fr/grand-du-bel-air.fr.html,0
https://www.booking.com/hotel/fr/rayz-eiffel.fr.html,0
https://www.booking.com/hotel/fr/le-claridge-champs-elysees-by-fraser-serviced-residences.fr.html,0
https://www.booking.com/hotel/fr/cosy-studio-paris1.fr.html,0
https://www.booking.com/hotel/fr/ibis-paris-la-villette-cita-c-des-sciences.fr.html,0
https://www.booking.com/hotel/fr/novotel-paris-tour-eiffel.fr.html,0
https://www.booking.com/hotel/fr/dreamyflat-montmartre.fr.html,0
https://www.booking.com/hotel/fr/villa-modigliani.fr.html,0
https://www.booking.com/hotel/fr/recamier.fr.html,0
https://www.booking.com/hotel/fr/mercure-paris-bercy-bibliotheque.fr.html,0
https://www.booking.com/hotel/fr/paris-la-villette.fr.html,0
https://www.booking.com/hotel/fr/la-lanterne-paris.fr.html,0
https://www.booking.com/hotel/fr/agorno-cite-de-la-musique.fr.html,0
https://www.booking.com/hotel/fr/exe-paris-centre.fr.html,0
https://www.booking.com/hotel/fr/splendor.fr.html,0
https://www.booking.com/hotel/fr/regyn-s-montmartre.fr.html,0
https://www.booking.com/hotel/fr/b-amp-b-porte-des-lilas.fr.html,0
https://www.booking.com/hotel/fr/meridional.fr.html,0
https://www.booking.com/hotel/fr/ibis-budget-paris-porte-de-vincennes.fr.html,0
https://www.booking.com/hotel/fr/le-village-boutique-hostel.fr.html,0
https://www.booking.com/hotel/fr/novotel-paris.fr.html,0
https://www.booking.com/hotel/fr/pantheon.fr.html,0
https://www.booking.com/hotel/fr/villa-brunel.fr.html,0
https://www.booking.com/hotel/fr/paix-republique.fr.html,0
https://www.booking.com/hotel/fr/cmg-massena.fr.html,0
https://www.booking.com/hotel/fr/hotelchampselyseesplaza.fr.html,0
https://www.booking.com/hotel/fr/notre-dame-apartments-paris.fr.html,0
https://www.booking.com/hotel/fr/hotelf1-paris-porte-de-montmartre.fr.html,0
https://www.booking.com/hotel/fr/pacific-paris.fr.html,0
https://www.booking.com/hotel/fr/new-parnasse.fr.html,0
https://www.booking.com/hotel/fr/the-peninsula-paris.fr.html,0
https://www.booking.com/hotel/fr/charma.fr.html,0
https://www.booking.com/hotel/fr/unic.fr.html,0
https://www.booking.com/hotel/fr/mercure-paris-15-porte-de-versailles.fr.html,0
https://www.booking.com/hotel/fr/ferdinand.fr.html,0
https://www.booking.com/hotel/fr/b55-paris12.fr.html,0
https://www.booking.com/hotel/fr/campanile-paris-xv-tour-eiffel.fr.html,0
https://www.booking.com/hotel/fr/hotelclaret.fr.html,0
https://www.booking.com/hotel/fr/belambra-city-magendie.fr.html,0
https://www.booking.com/hotel/fr/les-theatres.fr.html,0
https://www.booking.com/hotel/fr/appartement-seine-et-marais.fr.html,0
https://www.booking.com/hotel/fr/studio-saint-sulpice.fr.html,0
https://www.booking.com/hotel/fr/idealhotel.fr.html,0
https://www.booking.com/hotel/fr/des-pavillons.fr.html,0
https://www.booking.com/hotel/fr/ibis-paris-ornano-montmartre-nord-18eme.fr.html,0
https://www.booking.com/hotel/fr/ha-tel-plaza-la-fayette.fr.html,0
https://www.booking.com/hotel/fr/hotelalane.fr.html,0
https://www.booking.com/hotel/fr/hotel-des-arts-bastille.fr.html,0
https://www.booking.com/hotel/fr/lyric-ha-tel-paris.fr.html,0
https://www.booking.com/hotel/fr/parisianer.fr.html,0
https://www.booking.com/hotel/fr/maison-du-pre.fr.html,0
https://www.booking.com/hotel/fr/batignollesvilliers.fr.html,0
https://www.booking.com/hotel/fr/hotusapanorama.fr.html,0
https://www.booking.com/hotel/fr/elysee-etoile.fr.html,0
https://www.booking.com/hotel/fr/trianongaredulyon.fr.html,0
https://www.booking.com/hotel/fr/tiquetonne-paris1.fr.html,0
https://www.booking.com/hotel/fr/paris-gambetta.fr.html,0
https://www.booking.com/hotel/fr/villa-des-iris-paris.fr.html,0
https://www.booking.com/hotel/fr/champs-elysees-apartment-2.fr.html,0
https://www.booking.com/hotel/fr/studio-bourdonnais.fr.html,0
https://www.booking.com/hotel/fr/hotelcorail.fr.html,0
https://www.booking.com/hotel/fr/adorable-flat-central-paris-montorgueil-caire.fr.html,0
https://www.booking.com/hotel/fr/montparnasse-studio-deluxe.fr.html,0
https://www.booking.com/hotel/fr/loretteopera.fr.html,0
https://www.booking.com/hotel/fr/jardindeparissaintlazare.fr.html,0
https://www.booking.com/hotel/fr/art-congres.fr.html,0
https://www.booking.com/hotel/fr/france-louvre.fr.html,0
https://www.booking.com/hotel/fr/etap-paris-porte-de-la-chapelle.fr.html,0
https://www.booking.com/hotel/fr/fred-apartment.fr.html,0
https://www.booking.com/hotel/fr/charmant-studio-refait-a-neuf-proche-tour-eiffel.fr.html,0
https://www.booking.com/hotel/fr/apartment-paris-studios.fr.html,0
https://www.booking.com/hotel/fr/caumartin-64.fr.html,0
https://www.booking.com/hotel/fr/studette-de-charme-neuve-proche-invalides-d02.fr.html,0
https://www.booking.com/hotel/fr/hollidayinnmontmartre.fr.html,0
https://www.booking.com/hotel/fr/bestwesternautrocaderoparis.fr.html,0
https://www.booking.com/hotel/fr/the-chess.fr.html,0
https://www.booking.com/hotel/fr/mercure-paris-bercy.fr.html,0
https://www.booking.com/hotel/fr/blc-design.fr.html,0
https://www.booking.com/hotel/fr/best-western-eiffel-cambronne.fr.html,0
https://www.booking.com/hotel/fr/hotel-la-comtesse-by-elegancia.fr.html,0
https://www.booking.com/hotel/fr/arthotelparis.fr.html,0
https://www.booking.com/hotel/fr/ha-tel-volney-opa-c-ra.fr.html,0
https://www.booking.com/hotel/fr/temple-apartements-paris.fr.html,0
https://www.booking.com/hotel/fr/best-located-apartment-louvre-1632.fr.html,0
https://www.booking.com/hotel/fr/le-tsuba.fr.html,0
https://www.booking.com/hotel/fr/all-seasons-paris-gare-du-nord.fr.html,0
https://www.booking.com/hotel/fr/belfort-paris.fr.html,0
https://www.booking.com/hotel/fr/hoteldelille.fr.html,0
https://www.booking.com/hotel/fr/gerando.fr.html,0
https://www.booking.com/hotel/fr/hotel-belle-epoque-paris.fr.html,0
https://www.booking.com/hotel/fr/angleterre-paris.fr.html,0
https://www.booking.com/hotel/fr/grand-hotel-de-lunivers.fr.html,0
https://www.booking.com/hotel/fr/de-l-universite.fr.html,0
https://www.booking.com/hotel/fr/nord-est.fr.html,0
https://www.booking.com/hotel/fr/sinner-paris.fr.html,0
https://www.booking.com/hotel/fr/pink-paris.fr.html,0
https://www.booking.com/hotel/fr/hotelappialafayette.fr.html,0
https://www.booking.com/hotel/fr/relaiseiffelgrenelle.fr.html,0
https://www.booking.com/hotel/fr/phenix.fr.html,0
https://www.booking.com/hotel/fr/le-vert-galant-paris.fr.html,0
https://www.booking.com/hotel/fr/studio-de-charme-proche-tour-eiffel-et-rue-cler.fr.html,0
https://www.booking.com/hotel/fr/caron.fr.html,0
https://www.booking.com/hotel/fr/parc-saint-severin.fr.html,0
https://www.booking.com/hotel/fr/eurotel-paris.fr.html,0
https://www.booking.com/hotel/fr/d-orsay-paris.fr.html,0
https://www.booking.com/hotel/fr/arago-cosy-appartement-quartier-calme.fr.html,0
https://www.booking.com/hotel/fr/time-right-investment-apartments.fr.html,0
https://www.booking.com/hotel/fr/ibis-styles-paris-alesia-montparnasse.fr.html,0
https://www.booking.com/hotel/fr/henriiv.fr.html,0
https://www.booking.com/hotel/fr/rue-clerc-center-b-and-b.fr.html,0
https://www.booking.com/hotel/fr/modern-est.fr.html,0
https://www.booking.com/hotel/fr/caulaincourt-square.fr.html,0
https://www.booking.com/hotel/fr/florideetoileparis.fr.html,0
https://www.booking.com/hotel/fr/poussins.fr.html,0
https://www.booking.com/hotel/fr/ha-tel-magellan.fr.html,0
https://www.booking.com/hotel/fr/luxury-apartment-on-the-place-des-victoires.fr.html,0
https://www.booking.com/hotel/fr/l-amiral.fr.html,0
https://www.booking.com/hotel/fr/art-batignolles.fr.html,0
https://www.booking.com/hotel/fr/source.fr.html,0
https://www.booking.com/hotel/fr/hotelduministere.fr.html,0
https://www.booking.com/hotel/fr/grandhotelnouvelopera.fr.html,0
https://www.booking.com/hotel/fr/chomel.fr.html,0
https://www.booking.com/hotel/fr/centre-ville-etoile-paris.fr.html,0
https://www.booking.com/hotel/fr/brach-paris.fr.html,0
https://www.booking.com/hotel/fr/royal-elysa-c-es.fr.html,0
https://www.booking.com/hotel/fr/new-orient.fr.html,0
https://www.booking.com/hotel/fr/paris-ronceray-opera.fr.html,0
https://www.booking.com/hotel/fr/eiffel-blomet.fr.html,0
https://www.booking.com/hotel/fr/splendid-etoile.fr.html,0
https://www.booking.com/hotel/fr/charming-room.fr.html,0
https://www.booking.com/hotel/fr/villa-montmartre.fr.html,0
https://www.booking.com/hotel/fr/esthotelparis.fr.html,0
https://www.booking.com/hotel/fr/pax-opera.fr.html,0
https://www.booking.com/hotel/fr/gay-lussac.fr.html,0
https://www.booking.com/hotel/fr/le-vintage.fr.html,0
https://www.booking.com/hotel/fr/tingis.fr.html,0
https://www.booking.com/hotel/fr/paris-bastille-opera.fr.html,0
https://www.booking.com/hotel/fr/ibis-paris-brancion-parc-des-expositions-15e.fr.html,0
https://www.booking.com/hotel/fr/renoir.fr.html,0
https://www.booking.com/hotel/fr/pavillonpereire.fr.html,0
https://www.booking.com/hotel/fr/le-pigalle-paris2.fr.html,0
https://www.booking.com/hotel/fr/mama-shelter-paris-west.fr.html,0
https://www.booking.com/hotel/fr/de-france-paris.fr.html,0
https://www.booking.com/hotel/fr/plaza-etoile.fr.html,0
https://www.booking.com/hotel/fr/les-jardins-du-luxembourg.fr.html,0
https://www.booking.com/hotel/fr/hoteltherese.fr.html,0
https://www.booking.com/hotel/fr/de-bellevue.fr.html,0
https://www.booking.com/hotel/fr/grand-des-balcons.fr.html,0
https://www.booking.com/hotel/fr/anjou.fr.html,0
https://www.booking.com/hotel/fr/hipotel-paris-sacre-coeur-olympiades.fr.html,0
https://www.booking.com/hotel/fr/de-seine.fr.html,0
https://www.booking.com/hotel/fr/marcel.fr.html,0
https://www.booking.com/hotel/fr/chateaudun-opera.fr.html,0
https://www.booking.com/hotel/fr/de-paris-montmartre.fr.html,0
https://www.booking.com/hotel/fr/whistler.fr.html,0
https://www.booking.com/hotel/fr/renovated-studio-for-2.fr.html,0
https://www.booking.com/hotel/fr/michelet-odeon.fr.html,0
https://www.booking.com/hotel/fr/eden-lodge-paris.fr.html,0
https://www.booking.com/hotel/fr/de-la-cite-rougemont.fr.html,0
https://www.booking.com/hotel/fr/montorgueil-chatelet-private-apartment-30-jours-min.fr.html,0
https://www.booking.com/hotel/fr/mercure-terminus-est.fr.html,0
https://www.booking.com/hotel/fr/acadiaopera.fr.html,0
https://www.booking.com/hotel/fr/ambassadeurparis.fr.html,0
https://www.booking.com/hotel/fr/studio-spacieux-et-calme-parking-souterrain.fr.html,0
https://www.booking.com/hotel/fr/ibis-gare-du-nord-chateau-landon.fr.html,0
https://www.booking.com/hotel/fr/appartement-buttes-chaumont-varlin.fr.html,0
https://www.booking.com/hotel/fr/astraopera.fr.html,0
https://www.booking.com/hotel/fr/ha-tel-saint-roch-paris1.fr.html,0
https://www.booking.com/hotel/fr/gh-appartment-pasteur-montparnasse.fr.html,0
https://www.booking.com/hotel/fr/novotel-paris-gare-montparnasse.fr.html,0
https://www.booking.com/hotel/fr/pick-a-flat-39-s-batignolles-apartment-passage-cardinet.fr.html,0
https://www.booking.com/hotel/fr/du-dragon-paris.fr.html,0
https://www.booking.com/hotel/fr/queens.fr.html,0
https://www.booking.com/hotel/fr/my-maison-in-paris-sentier.fr.html,0
https://www.booking.com/hotel/fr/residence-romance-malesherbes.fr.html,0
https://www.booking.com/hotel/fr/hotel-elysee-niel.fr.html,0
https://www.booking.com/hotel/fr/vaneau-saint-germain.fr.html,0
https://www.booking.com/hotel/fr/ibis-paris-gare-de-l-est-10-eme.fr.html,0
https://www.booking.com/hotel/fr/valgirard.fr.html,0
https://www.booking.com/hotel/fr/hotel-horset-opera.fr.html,0
https://www.booking.com/hotel/fr/montpensier-paris.fr.html,0
https://www.booking.com/hotel/fr/avalon-hotel-paris.fr.html,0
https://www.booking.com/hotel/fr/homely-apartment-quot-opera-47-saint-lazare-quot-1621.fr.html,0
https://www.booking.com/hotel/fr/residence-le-regent.fr.html,0
https://www.booking.com/hotel/fr/lebelmontparis.fr.html,0
https://www.booking.com/hotel/fr/les-2-girafes.fr.html,0
https://www.booking.com/hotel/fr/studio-de-charme-neuf-proche-tour-eiffel-et-champs-elysees-a08bis2.fr.html,0
https://www.booking.com/hotel/fr/du-centre-paris.fr.html,0
https://www.booking.com/hotel/fr/moris-grands-boulevards.fr.html,0
https://www.booking.com/hotel/fr/monge-paris7.fr.html,0
https://www.booking.com/hotel/fr/my-nest-inn-apartment-mouffetrad.fr.html,0
https://www.booking.com/hotel/fr/stunning-spacious-family-flat-opera-saint-lazare.fr.html,0
https://www.booking.com/hotel/fr/virgina.fr.html,0
https://www.booking.com/hotel/fr/paris-apartment-concept.fr.html,0
https://www.booking.com/hotel/fr/ibis-paris-berthier-17a-me.fr.html,0
https://www.booking.com/hotel/fr/best-located-flat-in-saint-germain-des-pres.fr.html,0
https://www.booking.com/hotel/fr/claridge.fr.html,0
https://www.booking.com/hotel/fr/joke-astotel.fr.html,0
https://www.booking.com/hotel/fr/cosy-nest-in-the-marais-district.fr.html,0
https://www.booking.com/hotel/fr/appartement-tour-eiffel-eglise-3.fr.html,0
https://www.booking.com/hotel/fr/dela-paix.fr.html,0
https://www.booking.com/hotel/fr/pavillonroyalemontsouris.fr.html,0
https://www.booking.com/hotel/fr/agate.fr.html,0
https://www.booking.com/hotel/fr/loft-entier-parisien-paris11gong-yu.fr.html,0
https://www.booking.com/hotel/fr/caumartin-opera.fr.html,0
https://www.booking.com/hotel/fr/sweet-inn-messine.fr.html,0
https://www.booking.com/hotel/fr/arian.fr.html,0
https://www.booking.com/hotel/fr/charmant-studio-refait-a-neuf-proche-des-invalides.fr.html,0
https://www.booking.com/hotel/fr/du-printemps.fr.html,0
https://www.booking.com/hotel/fr/paris-bruxelles.fr.html,0
https://www.booking.com/hotel/fr/ha-tel-vic-eiffel.fr.html,0
https://www.booking.com/hotel/fr/edgar-suites-appart-spacieux-rue-des-martyrs.fr.html,0
https://www.booking.com/hotel/fr/residence-villiers.fr.html,0
https://www.booking.com/hotel/fr/cosmos-paris.fr.html,0
https://www.booking.com/hotel/fr/europe-paris.fr.html,0
https://www.booking.com/hotel/fr/de-la-porte-doree-paris.fr.html,0
https://www.booking.com/hotel/fr/royal-mansart.fr.html,0
https://www.booking.com/hotel/fr/le-metropolitain.fr.html,0
https://www.booking.com/hotel/fr/hotelatlantide.fr.html,0
https://www.booking.com/hotel/fr/parisxv.fr.html,0
https://www.booking.com/hotel/fr/large-and-unique-souplex-60sqm-well-located.fr.html,0
https://www.booking.com/hotel/fr/clement-paris.fr.html,0
https://www.booking.com/hotel/fr/art-eiffel.fr.html,0
https://www.booking.com/hotel/fr/villapantheon.fr.html,0
https://www.booking.com/hotel/fr/carina-tour-eiffel.fr.html,0
https://www.booking.com/hotel/fr/massena-paris.fr.html,0
https://www.booking.com/hotel/fr/angely.fr.html,0
https://www.booking.com/hotel/fr/ascot.fr.html,0
https://www.booking.com/hotel/fr/atala.fr.html,0
https://www.booking.com/hotel/fr/celeste-paris.fr.html,0
https://www.booking.com/hotel/fr/sevres-montparnasse.fr.html,0
https://www.booking.com/hotel/fr/stmichel.fr.html,0
https://www.booking.com/hotel/fr/hotelrelaismontmartre.fr.html,0
https://www.booking.com/hotel/fr/alize-grenelle-tour-eiffel.fr.html,0
https://www.booking.com/hotel/fr/brit-parisiana.fr.html,0
https://www.booking.com/hotel/fr/victoria-chatelet.fr.html,0
https://www.booking.com/hotel/fr/le-bristol-paris.fr.html,0
https://www.booking.com/hotel/fr/edgar-suites-paris-reaumur.fr.html,0
https://www.booking.com/hotel/fr/lecantagrel.fr.html,0
https://www.booking.com/hotel/fr/pointe-rivoli.fr.html,0
https://www.booking.com/hotel/fr/okko-hotels-paris-gare-de-l-39-est.fr.html,0
https://www.booking.com/hotel/fr/la-chambre-du-marais.fr.html,0
https://www.booking.com/hotel/fr/villa-des-ambassadeurs.fr.html,0
https://www.booking.com/hotel/fr/ibis-paris-tour-eiffel.fr.html,0
https://www.booking.com/hotel/fr/hotel-cyrnos.fr.html,0
https://www.booking.com/hotel/fr/millesime-paris.fr.html,0
https://www.booking.com/hotel/fr/les-matins-de-paris.fr.html,0
https://www.booking.com/hotel/fr/luna-park.fr.html,0
https://www.booking.com/hotel/fr/okko-hotels-paris-porte-de-versailles.fr.html,0
https://www.booking.com/hotel/fr/henri-4.fr.html,0
https://www.booking.com/hotel/fr/de-la-bourdonnais.fr.html,0
https://www.booking.com/hotel/fr/eiffel-tower-champs-de-mars.fr.html,0
https://www.booking.com/hotel/fr/du-cadran.fr.html,0
https://www.booking.com/hotel/fr/flor-rivoli-paris.fr.html,0
https://www.booking.com/hotel/fr/dangleterrechamps.fr.html,0
https://www.booking.com/hotel/fr/studio-turenne.fr.html,0
https://www.booking.com/hotel/fr/montebello-paris1.fr.html,0
https://www.booking.com/hotel/fr/home-business-grande-bibliotheque.fr.html,0
https://www.booking.com/hotel/fr/delavigne.fr.html,0
https://www.booking.com/hotel/fr/de-suede-saint-germain.fr.html,0
https://www.booking.com/hotel/fr/courcelles-etoile.fr.html,0
https://www.booking.com/hotel/fr/ampere.fr.html,0
https://www.booking.com/hotel/fr/cmg-suite-tour-eiffel-i.fr.html,0
https://www.booking.com/hotel/fr/relais-monceau.fr.html,0
https://www.booking.com/hotel/fr/scarlett.fr.html,0
https://www.booking.com/hotel/fr/hotel-ohm-by-happyculture.fr.html,0
https://www.booking.com/hotel/fr/saintaugustin.fr.html,0
https://www.booking.com/hotel/fr/victory-galou.fr.html,0
https://www.booking.com/hotel/fr/les-jardins-de-mademoiselle-paris.fr.html,0
https://www.booking.com/hotel/fr/louvre-forum.fr.html,0
https://www.booking.com/hotel/fr/bwvilladesartistes.fr.html,0
https://www.booking.com/hotel/fr/terrass-paris.fr.html,0
https://www.booking.com/hotel/fr/de-nice.fr.html,0
https://www.booking.com/hotel/fr/pavilliondemontmartre.fr.html,0
https://www.booking.com/hotel/fr/paris-opera-garnier.fr.html,0
https://www.booking.com/hotel/fr/ibis-paris-montmartre.fr.html,0
https://www.booking.com/hotel/fr/hotelcameliaprestige.fr.html,0
https://www.booking.com/hotel/fr/maxim-quartier-latin.fr.html,0
https://www.booking.com/hotel/fr/bertha.fr.html,0
https://www.booking.com/hotel/fr/charles-v-paris.fr.html,0
https://www.booking.com/hotel/fr/sejours-affaires-paris-davout.fr.html,0
https://www.booking.com/hotel/fr/abrial.fr.html,0
https://www.booking.com/hotel/fr/les-tournelles-paris.fr.html,0
https://www.booking.com/hotel/fr/hotel-du-beaumont.fr.html,0
https://www.booking.com/hotel/fr/louvre-parisian.fr.html,0
https://www.booking.com/hotel/fr/holiday-inn-paris-bastille.fr.html,0
https://www.booking.com/hotel/fr/le-poissonniere.fr.html,0
https://www.booking.com/hotel/fr/bourgeois-suite-marais-2-bedroom.fr.html,0
https://www.booking.com/hotel/fr/charming-central-paris-studio.fr.html,0
https://www.booking.com/hotel/fr/holiday-inn-paris-opera-grands-boulevards.fr.html,0
https://www.booking.com/hotel/fr/absolute.fr.html,0
https://www.booking.com/hotel/fr/kyriad-pere-lachaise.fr.html,0
https://www.booking.com/hotel/fr/paris-panoramic-views.fr.html,0
https://www.booking.com/hotel/fr/tres-cosy-45m2-proche-du-parc-des-expositions.fr.html,0
https://www.booking.com/hotel/fr/de-france-paris1.fr.html,0
https://www.booking.com/hotel/fr/cmg-suite-tour-eiffel-iv.fr.html,0
https://www.booking.com/hotel/fr/de-nesle.fr.html,0
https://www.booking.com/hotel/fr/elysees-bassano.fr.html,0
https://www.booking.com/hotel/fr/de-l-exposition.fr.html,0
https://www.booking.com/hotel/fr/hotel-chaplain.fr.html,0
https://www.booking.com/hotel/fr/cosy-studio-champs-elysees.fr.html,0
https://www.booking.com/hotel/fr/folkestone-opera.fr.html,0
https://www.booking.com/hotel/fr/francedantin.fr.html,0
https://www.booking.com/hotel/fr/cmg-sacre-coeur-ii-paris12.fr.html,0
https://www.booking.com/hotel/fr/residence-capitaine-paoli.fr.html,0
https://www.booking.com/hotel/fr/hotelelysaluxembourg.fr.html,0
https://www.booking.com/hotel/fr/timmontmartre.fr.html,0
https://www.booking.com/hotel/fr/appartement-censier-daubenton.fr.html,0
https://www.booking.com/hotel/fr/premierregentsgarden.fr.html,0
https://www.booking.com/hotel/fr/four-seasons-george-v-paris.fr.html,0
https://www.booking.com/hotel/fr/moxy-paris-bastille.fr.html,0
https://www.booking.com/hotel/fr/love-a-paris.fr.html,0
https://www.booking.com/hotel/fr/cmg-premium-tour-eiffel-iv-paris.fr.html,0
https://www.booking.com/hotel/fr/hotelchateaubriand.fr.html,0
https://www.booking.com/hotel/fr/laz-39-spa-urbain-paris.fr.html,0
https://www.booking.com/hotel/fr/super.fr.html,0
https://www.booking.com/hotel/fr/palm-opera.fr.html,0
https://www.booking.com/hotel/fr/residence-central-marais-paris.fr.html,0
https://www.booking.com/hotel/fr/odessa-montparnasse.fr.html,0
https://www.booking.com/hotel/fr/republiquehotel.fr.html,0
https://www.booking.com/hotel/fr/adm-ateliers-de-montmartre.fr.html,0
https://www.booking.com/hotel/fr/telemaque.fr.html,0
https://www.booking.com/hotel/fr/holiday-inn-paris-montparnasse-maine.fr.html,0
https://www.booking.com/hotel/fr/ibis-paris-gare-montparnasse-15eme.fr.html,0
https://www.booking.com/hotel/fr/gtlepera.fr.html,0
https://www.booking.com/hotel/fr/studio-aboukir-3.fr.html,0
https://www.booking.com/hotel/fr/mercure-voltaire-bastille.fr.html,0
https://www.booking.com/hotel/fr/tolbiac-paris2.fr.html,0
https://www.booking.com/hotel/fr/78-urban-beautiful-le-marais.fr.html,0
https://www.booking.com/hotel/fr/novotel-gare-de-lyon.fr.html,0
https://www.booking.com/hotel/fr/ha-tel-st-pierre.fr.html,0
https://www.booking.com/hotel/fr/citadines-aparthotel-place-italie.fr.html,0
https://www.booking.com/hotel/fr/residence-assas-vavin.fr.html,0
https://www.booking.com/hotel/fr/hoteldutheatre.fr.html,0
https://www.booking.com/hotel/fr/apartments-ws-marais-republique.fr.html,0
https://www.booking.com/hotel/fr/notre-dame-paradis-latin.fr.html,0
https://www.booking.com/hotel/fr/ibis-paris-gare-du-nord-la-fayette.fr.html,0
https://www.booking.com/hotel/fr/le-marceau-bastille.fr.html,0
https://www.booking.com/hotel/fr/jjwmedianpar.fr.html,0
https://www.booking.com/hotel/fr/prestige-sur-louvre-et-tuileries.fr.html,0
https://www.booking.com/hotel/fr/classicbastille.fr.html,0
https://www.booking.com/hotel/fr/opera-batignolles.fr.html,0
https://www.booking.com/hotel/fr/original-cosy-25m2-near-canal-st-martin.fr.html,0
https://www.booking.com/hotel/fr/apartments-ws-saint-lazare-opera-paris.fr.html,0
