,sentiment,sentence
0,1,"Le confort comme √† la maison ! J'ai √©norm√©ment appr√©ci√© l'accueil et je me suis sentie vraiment √† mon aise dans cet √©tablissement.
Le personnel est tr√®s bienveillant et soucieux du confort du client.
Je conseillerai cet h√¥tel √† mes amis. nan"
1,1,"Calme et confortable. Tr√®s bon accueil, Hatim le r√©ceptionniste est efficace et affable. La chambre est confortable, bien insonoris√©e.
Cela permet un repos r√©parateur. nan"
2,1,"Accueil chaleureux - Personnel irr√©prochable : surtout l‚Äôhomme et la femme de m√©nage sont adorables. Ainsi que le r√©ceptionniste Hatim qui a eu un excellent sens du travail, toujours √† l‚Äô√©coute de nos demandes 24h/24 et toujours souriant et arrangeant ! 
- Emplacement de l‚Äô√©tablissement (a c√¥t√© de r√©publique) 
- S√®che cheveux dans la salle de bain 
- 2 oreillers suppl√©mentaires dans le placard de la chambre 
- L‚Äôh√¥tel a accept√© de nous recevoir √† la derni√®re minute √©tant donn√© les circonstances difficiles avec le coronavirus. - le rapport qualit√© prix pour la chambre sup√©rieure 
- d√©√ßue de ne pas avoir pu prendre le petit d√©jeuner √† cause du coronavirus 
- pommeau de douche qui fuit 
- demande de lit double mais l‚Äôh√¥tel ne dispose que de 2 lits jumeaux coll√©s. 
- lumi√®re de l‚Äôext√©rieur tr√®s mal isol√©e (le soleil rentre dans la chambre d√®s le matin)"
3,1,"Tr√®s correct Merci a Hatim pour l'accueil, tr√®s appr√©ciable! Je recommande nan"
4,0,"Tr√®s bien L‚Äôaccueil , la situation de l‚Äô√©tablissement La fen√™tre qui ne fermait pas tr√®s bien"
5,1,"Tr√®s bien Le r√©ceptionniste Alg√©rien ,tr√®s comp√©tent et tr√®s aimable vu mon √¢ge m‚Äôa beaucoup aid√© je ne me rappelle plus de son prenom .sincerement mR .Boisseau nan"
6,1,Fabuleux  L‚Äôaccueil nan
7,1,h√¥tel parfait pour un court s√©jour La chambre √©tait tr√®s propre Il y avait un peu de bruit dans les couloirs
8,1,"Tr√®s bien L'accueil, la chambre confortable, le prix (tr√®s certainement bien r√©duit car r√©serv√© en derni√®re minute juste avant le confinement de la France pour coronavirus) Rien"
9,1,"Agr√©able On a tout aim√© pendant notre s√©jours, l'accueil √©t√© chaleureux, le personnel a satisfait tous nos attentes, que je remercie infiniment. 
La chambre est lumineuse et propre, dot√© de tous les √©quipements n√©cessaires (boulloir, frigo, caf√©, th√©, couverture ..etc)
Que du bonheur avec Soft.
Merci bcp nan"
10,1,"Mouvement√© durant la nuit, surtout apr√®s 34 hrs de vol + escales au retour de Colombie Propre, mignon, confortable, tout ce qu'il faut pour y passer 1 nuit pu plus. A proximit√© de la gare de l'Est. Fuite d'eau durant la nuit, au robinet du WC. Me suis r√©veill√© vers 5.00, par le bruit de l'√©coulement. Salle de bain sous l'eau, et d√©j√† 1 partie de la chambre. Ai coup√© l'eau du WC, √©pong√© l'eau dans les 2 pi√®ces. . . . et me suis recouch√©. Ai signal√© le probl√®me, le matin vers 10.00. L'h√¥tel a eu de la chance d'avoir lou√© cette chambre, faute de quoi, bonjour les d√©g√¢ts d'eau depuis le 4i√®me √©tage. Pas de bol pour moi !"
11,1,"Fabuleux  Personnel tr√®s accueillant et arrangeant ! Merci √† Toufik 
Emplacement
Prix nan"
12,1,"Fabuleux  Accueil tr√®s sympathique et chaleureux. 
Apr√®s une annulation de derni√®re minute par un pr√©c√©dent h√¥telier, pour des raisons douteuses, nous avons r√©serv√© cet h√¥tel √† la derni√®re minute. 
Suite √† notre m√©saventure l‚Äôh√¥telier nous a tr√®s gentiment surclass√©, tout en nous laissant la possibilit√© de comparer les deux chambres. 
L‚Äôh√¥tel se trouve dans une petite rue avec tr√®s peu de circulation, l‚Äôinsonorisation est tr√®s bonne et le lit tr√®s confortable. nan"
13,1,Tr√®s bien Tr√®s bon petit d√©jeuner. Personnel tr√®s aimable. nan
14,1,Fabuleux  Personnel tr√®s agr√©able ! Proche de la gare de l'est ! Et propre ! J'y retournerai s√ªrement ! nan
15,1,"Tr√®s bien Bon emplacement et √† proximit√© des transports, chambre propre, confortable et fonctionnelle. Le personnel √©tait agr√©able, arrangeant et professionnel. Plus d'√©chantillons ne serait pas de refus (seulement 2 savonnettes sur l'ensemble du s√©jour)."
16,1,"A recommander Super Serge √† l'accueil ! Buffet petit-d√©jeuner ++ avec personnel de service dispo, courtois et pro. nan"
17,1,"Tr√®s bien Accueil agr√©able, h√¥tel bien situ√© pour visiter le centre de Paris. nan"
18,1,Tr√®s bien Salle de bain petite avec un l√©ger manque de rangements. Salle de bain petite avec un l√©ger manque de rangements.
19,1,"Tr√®s bon h√¥tel pour un s√©jour d‚Äôaffaires sur Paris. L‚Äôaccueil est exceptionnel, toute l‚Äô√©quipe est au petits soins et d‚Äôune grande aide en cas de probl√®me. Un grand merci √† Serge, Toufik et Amina (toutes mes excuses √† ceux qui ne sont pas cit√©s) pour leur grande gentillesse et chaleureux accueil chaque jour.
La chambre √©tait au calme, parfait pour travailler avec la bouilloire √©lectrique √† disposition pour le th√©/caf√©. Tr√®s propre. Le petit d√©jeuner est un buffet avec du sal√© et du sucr√©, parfait pour debuter la journ√©e. Ce n‚Äôest malheureusement pas un point am√©liorable car c‚Äôest le souci des grandes villes et des r√®gles de s√©curit√© : le manque d‚Äôespace dans les couloirs ou l‚Äôexigu√Øt√© de certains espaces."
20,1,bien pratique SITUATION +++ nan
21,1,Excellent s√©jour! Excellent accueil tant en journ√©e qu'en soir√©e. Tr√®s bonne qualit√© de la chambre. H√¥tel tr√®s bien situ√©. Mettre √† disposition une bouteille d'eau plate et une bouteille d'eau gazeuse pour l'accueil dans la chambre.
22,1,Un bon compromis Bien situ√©. Quartier vivant pr√®s du canal saint martin. M√©tro √† proximit√©. Calme. Bien √©quip√©. Bref je recommande. Le personnel est √† l‚Äô√©coute. Merci √† Serge pour ses bons conseils et sa courtoisie ! nan
23,1,"Week-end √† Paris La gentillesse et la disponibilit√© du personnel et notamment d'Hatim qui a √©t√© de bons conseils lors de notre recherche pour obtenir un taxi.
L'emplacement de l'h√¥tel dans une rue calme.
Bon s√©jour, adresse √† retenir. L'insonorisation de la chambre."
24,1,"Bien  Bon hotel, au calme, bien au chaud (parfois trop ;-) avec un bon accueil de Serge.
Tr√®s bonne localisation proche de la gare du nord, de la gare de l'ouest et du canal St Martin. nan"
25,1,"Excellent s√©jour √° Paris L'emplacement de l'hotel est id√©al. Dans une rue tranquille et pas loin des gares routieres (gare du nord et gare de l'est).
L'amenagement de la chambre est parfait et permet d'utiliser tous les espaces. Le frigidaire et le s√©choir sont des plus que j'ai appr√©cies.
Le personnel est tres aimable et acceuillant. On entend un peu le bruit des autres chambres mais c'est pas tres grave. Ca ne m'a pas vraiment d√©rang√©."
26,1,bien bon rapport qualit√© prix. des fruits frais au petit d√©jeuner seraient appr√©ciables.
27,0,Tr√®s bien Accueil nan
28,1,Bien  H√¥tel propre et bien √©quip√©. Personnel gentil et correcte. Le petit d√©jeuner est trop cher pour ce qu'on offre.
29,1,"Tr√®s bon rapport qualit√© prix Un super emplacement dans un quartier populaire de Paris mais un peu √† l'√©cart. 
La chambre est tr√®s bien insonoris√©, le lit king size est une perfection. Rien"
30,1,Tr√®s bien petit d√©jeuner bien complet. emplacement proche de l'accueil et de la porte d'entr√©e nan
31,1,Bien  Emplacement parfait Les parties communes ne sont pas tr√®s bien entretenues
32,1,"Bien  la situation pr√®s de la gare est appr√©ciable, la literie est confortable et le petit d√©jeuner tout √† fait correct. Le personnel est sympathique. La premi√®re nuit tr√®s difficile √† cause du bruit d'un espace de r√©ception voisin, la seconde tr√®s calme. La chambre est tr√®s petite et il est dommage que le second chevet soit en fait un mini bar m√™me pas habill√©. Pour un 3 √©toiles c'est un peu juste."
33,1,Bien  Excellent accueil. nan
34,1,"Bon h√¥tel La situation
L accueil 
Le rapport qualit√© prix nan"
35,0,Bien  Le confort et l‚Äôaccueil Le stationnement
36,1,"Correspond parfaitement √† mes attentes La situation pr√®s de la gare de l'est. L'attention et la flexibilit√© des employ√©s. La propret√©. les possibilit√©s de diner autour Forc√©ment les chambres sont petites, mais en plein Paris c'est normal"
37,1,"Superbe Les lits sont tr√®s confortables. Les fen√™tres sur rue bien isol√©es. Chambres sup√©rieures jolies. La propret√©. Bouilloires dans les chambres. La proximit√© de la gare de l'est. La gentillesse et l'efficacit√© de Serge √† la r√©ception, qui a fait le n√©cessaire pour r√©pondre √† nos demandes. J'ai trouv√© le petit d√©jeuner un peu decevant, mais pour Paris sans doute pas mal. Le personnel est serviable."
38,1,"Exceptionnel Tr√®s bon accueil, literie parfaite grand lit, chambre tr√®s propre et au calme. Petit d√©jeuner tr√®s bien manque juste la salade de fruits. Parfait. Je recommande cet h√¥tel √† 100%. √Ä 5 minutes √† pied de la gare de l'est. nan"
39,1,"H√¥tel correct Personnel tr√®s agr√©able. Petit d√©jeuner tr√®s bon. Chambre tr√®s petite. Lit de confort acceptable, sans plus. Isolation moyenne, surtout vis-√†-vis de l'ext√©rieur."
40,1,"Bien Le calme, la proximit√©, la gentillesse du personnel Chambre petite"
41,1,"Un HOTEL accueillant o√π je reviendrai ... L'accueil du personnel est Top ! de l'arriv√©e, en passant par le petit d√©jeuner et le d√©part. La chambre est comme d√©crite, tr√®s propre. Le plus : la bouilloire et le frigo √† disposition. h√¥tel au calme, appr√©ciable surtout √† Paris. le petit dej : classique, manque quelques fruits frais."
42,0,Tr√©s bien emplacement et silence √©clairage
43,1,"bien l'accueil tr√®s sympathique de Serge.
l'√©quipement de la chambre le fait que contrairement au descriptif il n'y ait plus de place de parking (nous avions s√©lectionn√© cet h√¥tel pour ce crit√®re en plus de la localisation)"
44,1,"Superbe Tr√®s bon emplacement,
Personnel tr√®s accueillant, une mention √† Toufik. nan"
45,1,"Tr√®s bien Propret√© irr√©prochable, le personnel est sympathique et bienveillant. 
Nous avons eu le plaisir d‚Äô√™tre surclass√© par Toufik, nous remercions aussi Serge pour sa sympathie et sa bonne humeur. Nous avons pas r√©ussi √† faire chauffer les radiateurs."
46,1,"Bien  L'amabilit√©, et l'attention du personnel
La personnalisation du s√©jour ; mail d'accueil et questionnaire sur les attentes, puis mail en retour pour donner les possibilit√©s de restauration attendues et enfin mail en cours de s√©jour pour s'assurer que tout va bien. RAS"
47,1,"Bien  L'amabilit√© du personnel tr√®s attentionn√©
La personnalisation du s√©jour ; mail en cours de s√©jour pour s'assurer que tout va bien. RAS"
48,1,"H√¥tel confortable H√¥tel bien plac√© , dans une rue calme , proche de la Gare de l‚ÄôEst et du m√©tro.
On peut laisser les bagages √† la r√©ception pour un d√©part tardif ou l‚Äôarriv√©e .
Tr√®s pratique pour un court s√©jour √† Paris
Chambre petite mais avec tous les √©quipements n√©cessaires. 
Personnel tr√®s agr√©able. 
Mention sp√©ciale √† Ahmed particuli√®rement sympathique.
Nous reviendrons lors d‚Äôun prochain s√©jour ... Nous n‚Äôavons pas essay√© le petit d√©jeuner."
49,1,"H√¥tel bien situ√©, bien √©quip√© et propre, tr√®s bon rapport qualit√© prix pour Paris centre La propret√© et le confort de la chambre, en particulier de la literie, la situation et la tranquillit√© de l'h√¥tel (bon restaurant et d√©licieuse p√¢tisserie √† proximit√©) et l'accueil du personnel, √©tablissement √† recommander pour un s√©jour √† proximit√© du Canal St Martin. Le hall d'accueil est un peu d√©fra√Æchi et n√©cessiterait d'√™tre am√©lior√©."
50,1,"Tr√®s bien personnel tres disponible et propret√© impeccable .tres bonne insonorisation cot√© rue .
tres bonne boulangerie dans la rue . l insonnorisation entre chambres meme si ce n est pas catastrophique"
51,1,"Tr√®s bien L'emplacement est plut√¥t bien, le personnel est sympathique (mention sp√©ciale pour Serge, tr√®s gentil !), le petit d√©jeuner est bien aussi. Bons restaurants √† proximit√© et facilit√© d'acc√®s depuis la Gare de l'Est sans avoir le bruit des rues alentours. La petitesse de la chambre, le fait d'√™tre au rdc et de n'avoir qu'un seul coussin par personne."
52,1,Bon acceuil de la part de Steve TRES BIEN nan
53,1,Tr√®s bien Personnel tr√®s aimable et tr√®s serviable Wc minuscule et chambre petite pour 3 personne
54,1,"Bien  L'emplacement est tr√®s bien. A deux pas du canal st martin, de la gare de l'est et la gare du Nord.
La chambre est calme. Le personnel est sympathique. La chambre est petite et les √©quipements rudimentaires. Il y a un escabeau pour monter dans la douche. 
Le rapport qualit√© prix n'est pas tr√®s int√©ressant. Chambre √† pr√®s de 200 euros pour un confort correct sans plus."
55,1,H√¥tel sympathique sans pr√©tention situ√© vers des quartiers sympas L‚Äôaccueil La d√©coration
56,0,Tr√®s bien La literie L‚Äôisolation de la fen√™tre de la salle de bain
57,1,"Tr√®s bien de passage La gentillesse et la politesse de Toufik √† l‚Äôaccueil, merci √† lui nan"
58,1,"Fabuleux  Accueil du personnel tr√®s sympa, chambre propre, confortable, bien situ√©. 
Tr√®s bon rapport qualit√© prix ! nan"
59,1,"Fabuleux  - une chambre √©quip√©e spacieuse avec un lit king size et une d√©coration soign√©e !
- la personnalisation de l'accueil par Ahmed et Hatim, se sentant unique et privil√©gi√© ! nan"
60,1,"Exceptionnel Accueil chaleureux de jour comme de nuit, personnel au petit soin, hotel tres calme, bonne literie, bon petit dejeuner. Pas de kleenex dans la salle de bain."
61,1,"Bon s√©jour H√¥tel bien situ√© √† 5 mns de la Gare de l'Est, chambre un peu petite mais confortable, personnel tr√®s accueillant et agr√©able nan"
62,1,"Bien  bon accueil, donne de bons renseignements pour les visites √† faire et o√π prendre le m√©tro
tr√®s bon petit d√©jeuner
proche de la gare nan"
63,1,"Tr√®s bien La gentillesse du personnel. Merci √† Serge ! 
Bonne literie. Chambre un peu petite.. on ouvre une grande valise et plus de place pour marcher dans la chambre"
64,1,Superbe Hotel tr√®s propre avec un personnel tr√®s accueillant et petite mention sp√©ciale √† Mr Serge pour ses tr√®s bons conseils. nan
65,1,"H√¥tel pratique pour quelques nuits Lit confortable, la chambre √©tait propre. Petit d√©jeuner copieux. Le personnel est tr√®s accueillant. Nous avons pass√© une bonne nuit. Le syst√®me de climatisation qui nous a √©t√© propos√© nous a surpris. Nous ne nous voyions pas mettre le tuyaux dehors alors que nous √©tions au rdz. Sinon pas de soucis particulier"
66,1,"Excellent emplacement, h√¥tel accueillant √† toute heure. L'amabilit√© du personnel, la r√©activit√© √† mes demandes, la volont√© de rendre service. Le lit √©tait particuli√®rement confortable, la chambre au calme, la propret√© irr√©prochable. La bouilloire n'√©tait pas automatique et il fallait donc que je maintienne le bouton appuy√© pour faire chauffer l'eau. Mais bon, ce n'est pas si grave !"
67,1,"LH√¥tel bien plac√© et accueillant Proximit√© de la gare de l'Esr
proximit√© du canal St Martin, lieu festif et fr√©quent√©
Nombreux restaurants sur place dans la rue nan"
68,1,"Bel h√¥tel dans une rue peu connue L'h√¥tel est propre et relativement spacieux pour Paris.
Les lits sont tr√®s grand en chambre double.
Le personnel est professionnel et tr√®s aimable, en particulier Toufik La rue devant l'h√¥tel est sale mais l'h√¥tel est tr√®s bien"
69,1,"agr√©able chambre confortable et bien √©quip√©e, accueil sympatique, d√©coration originale fauteuils de la salle du petit d√©jeuner pas adapt√©s pour un petit d√©jeuner"
70,1,"Exceptionnel Logement proche de la gare de l'Est id√©al pour repartir t√¥t le matin.
Literie tr√®s confortable!
Accueil souriant et serviable, nous a fourni deux cl√©s car ma femme et moi n'arrivions pas en m√™me temps. Pas eu l'occasion de prendre le petit d√©jeuner."
71,1,"Une tr√®s bonne adresse L'accueil, la literie, les √©quipements, le petit-dejeuner Le prix !"
72,1,Tr√®s bien La propret√© Trop calme
73,1,"Tr√®s bien Excellent emplacement, personnel disponible, accommodant et tr√®s souriant. Les portes font beaucoup de bruit quand elles se ferment."
74,1,"Superbe Rue calme, parking √† c√¥t√© de l‚Äôh√¥tel, bon rapport qualit√© prix pour Paris Rien"
75,1,"Bien  Le grand lit confortable, l'accueil chaleureux et le calme de la chambre. Douche un peu difficile d'acc√®s."
76,1,"Bien situ√© ! L'emplacement, la gentillesse du personnel Chambre assez petite"
77,1,"Tr√®s bel h√¥tel et superbe emplacement H√¥tel tr√®s bien situ√© par rapport √† la gare, le m√©tro. Salle du petit-d√©jeuner en face de l'accueil. Manque d'intimit√© et dans les courants d'air lorsque les gens entrent ou sortent (porte automatique)"
78,1,Agr√©able L'emplacement ; l'accueil nan
79,1,"Fabuleux  Le personnel : tr√®s agr√©able,disponible,de bon conseil le bruit de l‚Äôascenseur"
80,0,Bien  Dommage pour la 1ere nuit√©e nous n'avions pas de code wifi et aucun moyen d'appeler la r√©ception Dommage pour la 1ere nuit√©e nous n'avions pas de code wifi et aucun moyen d'appeler la r√©ception
81,1,Exceptionnel Ascenseur en panne Ascenseur en panne
82,1,"H√¥tel agr√©able h√¢te d y retourner Le personnel au top toujours √† l √©coute, serviable 
H√¥tel tr√®s bien situ√© 
Chambre bien d√©cor√©e et fonctionnel Ras"
83,1,Tr√®s bien Le petit d√©jeuner avec du choix et l‚Äôacceuil o√∫ le personnel nous a tr√®s bien renseign√© La taille de la chambre un peu trop petite
84,1,"S√©jour agr√©able Lit tr√®s large (king size) et confortable. Chambre donnant sur une cour int√©rieure tr√®s calme. Hotel pr√®s de la gare de l'est et de nombreux th√©atres pour occuper notre soir√©e : tout se fait √† pied, parfait ! Tout √©tait bien"
85,1,"Superbe l'amabilit√© du personnel,la situation g√©ographique,le calme. nan"
86,1,"Exceptionnel Le calme, la propret√© Le prix du petit d√©jeuner 12euros c est trop cher"
87,0,Bien  L‚Äôamabilit Du personnel Le frigo vide
88,1,Exceptionnel Rapport qualit√© / prix tout √† fait convenable. RAS
89,1,"Pas mal Paris10! Petite rue calme, proche R√©publique et Gares de l'Est et du Nord, Idem pour le m√©tro et les bus. Chambre sur l'arri√®re donc aucun bruit ext√©rieur. Pas de r√©ception TV, aussit√¥t r√©solu par le personnel. Le caf√© et le th√© √† disposition dans le hall, tr√®s sympa. Le manque d'isolation phonique ente chambres : t√©l√©, portes, conversations... Houps!!! Les si√®ges TRES bas (ce sont aussi les fauteuils d'attente du hall), de la salle de petit d√©jeuner sont hard d√®s qu'on a pass√© la trentaine!!"
90,1,"Propre, staff tr√®s gentil, mais un lit qui laisse √† d√©sirer. La propret√© de la chambre et des lieux. 
Un staff aux petits soins, nous sommes arriv√©s en retard au petit d√©jeuner mais ils nous ont quand m√™me servis. Nous les en remercions !! Le lit n‚Äô√©tait pas tr√®s confortable et pas stable (chambre 404) cela nous a beaucoup d√©rang√©. 
Les horaires des petits d√©jeuners ne sont pas indiqu√©s sur booking sur qui fait que nous avons pay√©s pour rien le dernier jour √©tant donn√© que notre train √©tait trop matinale. Cela ne nous a pas plu."
91,1,"Rien a redire Personnel dacceuil acceuillant et toujours souriant
Meme si chambre assez petite conviebt parfaitement pour un couple de personne avec tout l'equipement necessaire
Bien isoler du bruit
A proximit√© de bonne instalation de restauration de bars et jen passe 
Jai trouver un cadre calme
Ideal pour jeune couple Chambre l√©g√®rement petite mais franchement convient agreablement"
92,1,"Tres fonctionnel - Idealement situe Hotel idealement situe, 5 min a pied de la Gare de l'Est, 10 min a pied de la Gare du Nord (RER CDG)
Tres nombreux lieux de restauration
Chambre tres fonctionnelle, eau chaude, TNT, frigo
Literie de bonne qualite
Bon rapport qualite prix (chambre double payee 83 euros) nan"
93,1,"Tr√®s bien La situation g√©ographique √©tait excellente pour nous rendre au th√©√¢tre de la Renaissance et pour se balader.
L'accueil tr√®s bonne : souriant et serviable Nous avons tout apprici√©"
94,0,Tr√®s bien La literie nan
95,1,"Exceptionnel mais tout le reste, propret√©, service, literie, qualit√© des √©quipements etc √©tait parfait et d'un bon rapport qualit√© prix. Tr√®s bien situ√© par ailleurs. Le petit-d√©jeuner est peut √™tre cher pour ce qu'il est"
96,1,bien Le personnel agr√©able nan
97,1,Fabuleux  Tr√®s bien nan
98,1,Bonne exp√©rience Literie confortable. Petit quartier tr√®s sympa. Parking √† proximit√© (24e/jour) Chambre assez petit malgr√© un surclassement...
99,1,Excellent l'accueil est tr√®s sympathique! tr√®s bon h√¥tel. confort qualit√© et rapport qualit√© et prix. nan
100,1,"Exceptionnel l emplacement pr√®s de la gare dans une rue calme. bonne literie. disponibilit√© et amabilit√© √† l accueil.
propret√© de la chambre. plateau bouilloire nan"
101,1,"Tr√®s bien le personnel
le th√© et le caf√© √† volont√© J'ai choisi une chambre sup√©rieure mais c'√©tait un peu trop petite. la porte de la salle de bain ne s'est pas ferm√©e correctement. 
Quand nous sommes arriv√©s pour le petit d√©jeuner, il en restait tr√®s peu, mais nous avons pay√© le montant total de 15 euros"
102,1,"Tr√®s bien petit h√¥tel bien sympa , le personnel est souriant et de bon conseil.
nous y avons pass√© une nuit ( de passage ) , avons appr√©cier le calme juste petite remarque , la largeur du lit un peu juste pour nous, mais bon...."
103,1,Tr√®s bon s√©jour L'hotel avait une super localisation. Proche de gare ou de stations de metro. nan
104,0,Bien  Localisation proche des deux gares Mauvaise insonorisation
105,1,"Tr√®s bien, je recommande L'accueil et la possibilit√© de laisser mes bagages avant d'int√©grer la chambre. Chambre un peu petite pour 3 mais confortable et propre. A 2 pas de la gare de l'est, accessible √† pied ou par le bus 56 ou 65 (2 arr√™ts). Nous avons tout appr√©ci√©."
106,1,"Bien  Salle de bain spacieux Salle du petit d√©jeuner, si√®ge bas peux confortable
Trop loin d'une bouche m√©tro"
107,1,"Pratique, rapport qualit√©-prix correct. Tr√®s bien plac√©, √† proximit√© du canal St Martin, des gares du Nord et de l'Est. Personnel pr√©venant et agr√©able. Assez calme. Petite d√©jeuner assez basique."
108,1,"bref mais agr√©able et nous ne rentrions que le soir lit tr√®s confortable douche tr√®s pratique c'est impossible actuellement mais la chambre est un peu petite pour des gens √¢g√©s qui doivent louvoyer entre le lit et la table pour sortir de leur couche , laquelle est un peu haute , justement pour des personnes ayant des difficult√©s √† se mouvoir mais non encore handicap√©es ..."
109,1,"calme et bien situ√© pour une nuit. la literie.Le personnel √©tait tr√®s sympatique.
Le service bagagerie, tr√®s appr√©ci√©. il faisait froid dans la salle de bain.La chambre est petite.le petit d√©jeuner reste on√©reux,( pas de vrai machine √† caf√© √† disposition.)"
110,1,Tr√®s bien F√©licitations au personnel vraiment pr√™t √† aider avec grand sourire non forc√©. Ma petite fille et moi avons √©t√© ravies. N'h√©siterons pas du tout √† y retourner. Le petit d√©jeuner on√©reux.
111,1,Fabuleux  Petit d√©jeuner compris. nan
112,1,Bien  Merci a Toufik pour son accueil chaleureux nan
113,1,Tr√®s bien Calme A 7h petit d√©jeuner pas pr√™t
114,1,"Bon emplacement, juste √† c√¥t√© de la gare de l'Est Tr√®s bon emplacement, juste √† c√¥t√© de la gare de l'Est, personnel aimable, service de bagagerie au besoin. Literie confortable, les √©quipements de la chambre sont satisfaisants. La chambre que nous avons occup√©e √©tait un peu petite, la douche pas franchement pratique, la salle de bain de fa√ßon g√©n√©rale nous a un peu d√©√ßue, pour le reste, rien √† redire."
115,1,"Superbe L‚Äô√©tat g√©n√©ral ( propret√©, √©quipement) La porte de la douche, l‚Äô√©troitesse de la chambre, le fait que la salle du petit d√©jeuner ne soit pas s√©par√©e de l‚Äôaccueil"
116,1,Agr√©able Aspect assez moderne. Pas trop loin de la Gare de l‚ÄôEst. Les cheveux dans la salle de bains.
117,1,Exceptionnel L‚Äôaccueil du personnel √©tait parfait et son emplacement proche des stations de metro. De plus son implantation ds un quartier calme est un atout suppl√©mentaire. Je recommande. nan
118,1,"Fabuleux  Proche de la gare 
Propre √âpaisseur des murs 
Le voisin de la chambre √† c√¥t√© que l‚Äôon entend tousser comme s‚Äôil √©tait √† c√¥t√© de vous"
119,1,"Bon rapport qualit√© prix. Accueil bien. L'emplacement
Rapport prix/qualit√© Les fen√™tres sont √©quip√©es de rideaux occultants par contre sont d√©pourvues de rideaux brisevue c'est un peu dommage quand il fait jour de ne pas profiter de la lumi√®re naturelle!"
120,1,Tr√®s bien Trop chaud dans la chambre. Trop chaud dans la chambre.
121,1,Bien  sieges du salon petit dejeuner sieges du salon petit dejeuner
122,1,"Bien  bon rapport qualit√©/prix/situation g√©ographique la porte de la douche qui se d√©monte quand on la fait coulisser et la mauvaise insonorisation des chambres.
les fauteuils de la salle du petit d√©jeuner sont tr√®s jolis mais pas tr√®s pratiques pour prendre son petit d√©jeuner"
123,1,Tr√®s bien Personnel agreable. Chambre tres agreable. Juste a mon niveau... ma chambre donnait sur un lieu d evenementtiel . Mais l'hiver bonne isolation.
124,1,Tres bon rapport qualite prix Early check out suite a notre demande. Accueil tres sympathique de Toufik. Bon rapport qualite prix nan
125,1,"Bien  Lit confortable, h√¥tel bien situ√©. Le parking n est pas inclu dans le prix et co√ªte 25‚Ç¨.
Sur booking.com ce n est pas pr√©cis√©."
126,1,"Tr√®s bien Propret√©, malgr√© un morceau de papier peint qui se d√©colle, 
Personnel agr√©able et accueillant, belles chambres bien insonoris√©es D‚Äô√™tre bloqu√©e dans l‚Äôascenseur üòÇ"
127,1,"Tr√®s bien J'ai appr√©ci√© l'accueil de Kamel et de Toufik le jour de d√©part, le rapport qualit√©-prix pour la p√©riode et la propret√© de la chambre.
Je reviendrai sans h√©sitation nan"
128,1,"Tr√®s bon h√¥tel. Manque un petit truc pour que ce soit parfait. Chambre confort, √©quipement de grande qualit√©. Th√© et caf√© √† disposition. Tr√®s proche m√©tro. Emplacement calme et les rues de derri√®re avec le petit passage parisien sont sympas. Personnel tr√®s aimable. Escalier de secours impraticable - j‚Äôesp√®re qu‚Äôil n‚Äôy aura jamais de malheur. Mes voisins de chaque sont rentr√©s √† deux heures du matin en faisant un bruit de fou. Je ne saurais pas dire si c‚Äôest l‚Äôinsonorisation qui est mauvaise ou les voisins super bruyants."
129,1,"Agr√©able Un grand lit. Un petit d√©jeuner avec des produits frais et beaucoup de vari√©t√©. Accueil chaleureux du personnel. Rue calme. Situation bonne. Manque d'insonorisation entre les chambres. J'entendais un voisin toussait... de l'autre c√¥t√©, j'entendais quand la salle de bain √©tait utilis√©e... Dommage."
130,1,"Bien  Tr√®s bon rapport qualit√© /prix La qualit√© le du petit d√©jeuner, manque vraiment d‚Äôune machine √† expresso"
131,1,Bien  L'accueil des responsables TB Un lit plus moelleux pour un 3 √©toiles.
132,1,"bon s√©jour Gentillesse √† l'accueil .
Situation g√©ographique (bien desservi par les transports, nombreux restos aux alentours )
Propret√© .
Grandeur de la chambre nan"
133,1,Exceptionnel Le sens de l'accueil et du service. Je vais oubli√© mon t√©l√©phone et Toofik me l'a ramass√©. Merci Toofik pour votre honn√™tet√©. C'est rassurant pour les clients. Rien
134,1,"Une adresse calme tr√®s bien desservie Accueil tr√®s chaleureux et personnalis√© par un r√©ceptionniste tr√®s sympathique. 
Literie tr√®s confortable et de grande taille.
Tr√®s bonne insonorisation alors que la chambre donne sur la rue Espace de la chambre trop restreint"
135,1,Agr√©able chambre trop petite; d√©coration moyenne chambre trop petite; d√©coration moyenne
136,1,"tres bon hotel confortable et bien situ√©. grand lit tres confortable, chambre tres calme, personnel souriant nan"
137,1,Exceptionnel Personnel disponible et accueillant ! nan
138,1,Tr√®s bien Merci √† Kamel de la r√©ception pour son super accueil. nan
139,1,"du bon et du moins bon l'accueil souriant, la situation g√©o de l'h√¥tel (proche Gare de l'Est), le petit d√©jeuner, la taille du lit double, la fonctionnalit√© de la salle de bains, le calme du quartier qualit√© moyenne du matelas, tr√®s mauvaise insonorisation (on entend la conversation ou la TV de la chambre voisine), la faible pression de la douche"
140,0,"tr√®s bien, √† recommander pas de kleenex pas de kleenex"
141,1,"Agr√©able Petit d√©jeuner, confort literie, personnel de r√©ception Chambre tr√®s exigu√´, environ 9 m2, propret√© salle de bain( rails porte douche) et radiateur chambre"
142,1,"Bien  Nous avons choisi cet h√¥tel pour sa proximit√© avec la gare de l'est mais le quartier n'est pas le plus chouette de Paris. La chambre et les sanitaires √©taient propres. Chambre calme sur l'arri√®re du b√¢timent. Les lieux sont assez exigus : on cogne la porte lorsqu'on rentre et la salle de bains est tellement √©troite qu'on renverse toujours quelque chose au passage. Insonorisation moyenne : on entend le voisin √©ternuer et moucher.
Petit d√©jeuner assez d√©cevant et plus de baguette √† 8h30 pour un h√¥tel parisien, c'est tr√®s moyen !"
143,1,Petit hotel bien √©quip√© √† 2 pas des gares et du metro Hotel bien √©quip√© avec chambres petites mais fonctionnelles. Proximit√© gare du Nord et de l'Est Les chambres sont un peu petites
144,1,"Parfait Grand lavabo sdb , literie confortable, amabilit√© personnel Vraie clim dans chambre (non mobile)"
145,1,"Bien  l'emplacement proche des m√©tro
La propret√© de l'h√¥tel
l'accueil agr√©able
le petit d√©jeun√© la chambre et la salle de bain trop petite pour le prix (d√©j√† vu mieux et pour moins ch√®re sur paris centre).
vue ext√©rieur proche de l'autre immeuble (petite rue)
Pas assez de table le matin pour le petit d√©jeuner"
146,1,"Bon emplacement mais d√©cevant au regard du prix Bon emplacement, petit d√©jeuner tr√®s correct. R√©ceptionnistes de nuit tr√®s gentils. Personnel du week-end peu aimable, nettoyage des chambres tard dans l'apr√®s midi (√† 17 h). Chambre minuscule sur rue tr√®s bruyante."
147,1,"Bonne adresse Localisation vraiment parfaite. Attention √† bien prendre une chambre au calme car quartier tr√®s anim√©.
Chambre petite, SDB encore plus petite, mais OK Taille de la SDB. Petit d√©jeuner trop industriel"
148,1,"H√¥tel tranquille proche de la Gare de l'Est Meubles bien agenc√©s
Tranquillit√©, ma chambre donnait sur une court int√©rieure
Rue avec peu de traffic nan"
149,1,Exceptionnel la proximit√© du centre de Paris et le parking √† cot√© pas de climatisation il faisait trop chaud et impossible de dormir la fen√™tre ouverte
150,1,Superbe Propret√© de la chambre nan
151,1,"H√¥tel de bon rapport qualit√© prix Accueil souriant et chaleureux
Les chambres sont bien L‚Äôinsonorisation des chambres n‚Äôest pas suffisante. Porte pali√®re bruyante"
152,1,gentillesse du personnel Le personnel tr√©e gentile. petite pi√®ce sans vue sur la rue.
153,1,"S√©jour agr√©able entre Gare de l'Est et R√©publique. L'emplacement assez bon.
Le calme de la chambre (au 3√®me)
La propret√© des lieux.
Le petit d√©jeuner tr√®s correct.
La climatisation (m√™me si amovible et bruyante)
La robinetterie neuve et agr√©able (surtout le pommeau de douche) La climatisation amovible qui est en soi une bonne id√©e vue la chaleur de l'√©t√© mais par contre question encombrement et bruit c'est un souci. Trouver une version plus compacte et discr√®te voire int√©gr√©e au mur ou plafond serait id√©ale.
Le bac de douche √† 30cm de haut, limite pour la descente et la porte coulissante non tenue en bas donc ""branlante"".
L'absence de porte savon-gel douche rendant assez inconfortable la douche pour le coup.
La taille du WC ""compact"" qui peut √™tre g√™nant pour les gens assez grands (ce qui est mon cas).
Le 2nd miroir int√©gr√© dans la fa√Øence avec un joint mastic tr√®s tr√®s laid, cela fait t√¢che dans le cadre g√©n√©ral et notamment √† c√¥t√© de la robinetterie flambant neuve.
C√¥t√© petit d√©jeuner, une machine √† expresso voire une machine multi boissons (chocolat, th√©, caf√©, cappuccino) serait un plus ainsi que des jus d'oranges type ""frais"".
Subsidiaire mais la blague de la personne de l'accueil qui nous a fait croire √† notre arriv√©e √† 1h du matin que l‚Äôascenseur √©tait en panne. Trois √©tages charg√©s de bagages par le petit escalier pour ""rien"" au final...Un peu dommage m√™me si on appr√©cie l'humour, √† 1h du matin le 2nd degr√© peut √™tre difficile √† d√©crypter ^^."
154,1,"Bien  Accueil sympathique, acc√®s pratique depuis la gare de l'Est. La salle pour le petit d√©jeuner petite et vite satur√©e. Une climatisation serait la bienvenue dans les chambres."
155,1,"Tr√®s bon sejour H√¥tel confortable et bien situ√© Pas de clim, juste un ventilateur, √† √©viter donc pendant les p√©riodes caniculaires"
156,1,"Tr√®s bien L'accueil. Tr√®s sympathique et tr√®s serviable. La propret√©. La taille de la chambre. Pas de clim, juste un ventilateur."
157,0,Tr√®s bien La propret√© Pas de climatisation
158,1,Bien  H√¥tel bien situ√© et tr√®s propre. Chambre un peu petite mais espace suffisant pour 1 nuit
159,1,"Parfait ! D√©sormais habitu√©e de l'h√¥tel, au risque de me r√©p√©ter, l'h√¥tel au del√† d'un emplacement pratique proche de la Gare de l'Est, et du m√©tro vous offre un confort parfait et un service de qualit√© (accueil, prise en compte de demandes clients). Ce qui n'est pas n√©gligeable lorsque vous voyagez bcp et que vous fr√©quentez √©norm√©ment d'h√¥tels, nan"
160,1,"Bien  L¬¥h√¥tel est √† un emplacement id√©al √† 3 mn √† pied de la gare de l¬¥est et du m√©tro, pr√®s de l¬¥√©glise St Laurent. Il faisait tr√®s chaud et on ne pouvait pas ouvrir les fenetres car la rue est tr√®s bruyante. Pas de clim. Certainement une bonne adresse √† retenir mais pas en √©t√©."
161,1,"Bien  La localisation, le rapport qualit√© prix, chambre plut√¥t spacieuse pour Paris Le bruit de la soufflerie de la salle de bain qui tourne en permanence"
162,1,"Bonne option pour court s√©jour Situation g√©ographique proche gare de l‚Äôest 
Excellente literie, propret√© de la chambre, lit king size Ma chambre soit disant sur cour donnait sur le c√¥t√© de la rue, en face d‚Äôun bar tr√®s anim√©. Fen√™tres ferm√©es l‚Äôinsonorisation √©tait bonne, mais intenable quand il fait chaud. L‚Äôinsonorisation entre les chambres voisines pourrait √™tre am√©lior√©e."
163,1,"Globalement un bon h√¥tel Personnel accueillant et disponible, les chambres sont confortables. Le rapport qualit√© prix du petit d√©jeuner pourrait s'am√©liorer."
164,1,"Superbe La propret√© de la chambre, le grand lit, l'amabilit√© du personnel , la facilit√© d'acc√®s √† la sortie du m√©tro. Pas loin de la gare de l'est. J'√©tais √† la chambre 503 taille correct pour une personne seule ou en couple mais pas avec des enfants. Le manque de la clim qui en p√©riode de grosse chaleur aurait √©t√© plus qu'apreciable,car dormir avec les fen√™tres ouvertes est juste pas possible trop de bruit donc oblig√© de fermer la fen√™tre et dormir avec une chaleur ettoufante = mal de t√™te au r√©veil pour ma part üòû."
165,1,"Bien  Bouilloire dans la chambre, calme, bon rapport Q/P, chambre plut√¥t grande pour Paris Pas de fruits frais au petit-d√©jeuner"
166,1,"Exceptionnel J‚Äôai trouv√© Hatim tr√®s accueillant , efficace et rapide dans la prise en charge de la r√©servation. Il c‚Äôest mont√© bienveillant tout au long du s√©jour. C‚Äô√©tait formidable. nan"
167,1,Exceptionnel J‚Äôai ador√© mon s√©jour et super personnel d‚Äôaccueil dont Hatim souriant et disponible √† tout moment nan
168,1,A recommander L'amabilit√© de Brahim et Hatim et leur accueil. H√¥tel tr√®s confortable. Propret√© irr√©prochable. Literie confortable. A recommander. Excellent rapport qualit√©/prix. nan
169,1,"Le meilleur h√¥tel de Paris que je connaisse. J'ai eu des probl√®mes pour payer avec une carte bancaire et j'ai contact√© la r√©ception de l'h√¥tel. La r√©ception de l'h√¥tel m'a inform√© que ce n'√©tait pas un probl√®me et nous pouvons payer sur place avec de l'argent. C'√©tait √† ma port√©e car sur Booking.com, ils m'ont dit que ma r√©servation serait annul√©e si je ne payais pas avec une carte de cr√©dit, mais l'h√¥tel m'a inform√© que la r√©servation serait conserv√©e jusqu'√† notre arriv√©e. Quand nous sommes arriv√©s √† l'h√¥tel, nous attendions d√©j√† et avons accord√© une attention exceptionnelle et aid√© √† rester dans nos chambres. Le manager de l'h√¥tel Ms Brahim Hatin a demand√© quand nous partions demain, je lui ai dit que le train √† 17h30, il savait que nous avions 60 kg de fret derri√®re nous et donc poliment autoris√© √† rester jusqu'√† 14h00. C'√©tait vraiment humain, de sa part, car transporter une charge de 60 kg √† Paris est tr√®s g√™nant. Les chambres sont propres, fra√Æches, propres, bien meubl√©es avec un immense lit sur lequel vous dormez √† 100%. Les toilettes de douche sont tout simplement super. Par cons√©quent, je donne la meilleure note √† cet h√¥tel et je le recommande aux personnes qui visitent la ville de Paris pour affaires. nan"
170,1,Exceptionnel L‚Äôaccueil nan
171,1,"Passable Jai aimer le personnel Bonjour ,
Les employ√©s √©taient super sympa, les √©quipements n'√©taient pas vraiment √† ma hauteur, l'ascenseur, les portes etc 
La chambre n'√©tait pas totalement propre, car nous avons trouv√© une serviette sale 
Le lit √©t√© confortable"
172,1,"Agr√©able Le confort de la literie et la situation proche de la gare. La proprete tres limite 
L eclairage general ne fonctionnait pas
Le frigo ne fonctionnait pas 
Et le pommeau de douche etait casse"
173,1,Exceptionnel L‚Äôaccueil de Toufik super Rien
174,1,Exceptionnel Tou Exelen aceuil √©tablissement prope
175,1,"Exceptionnel Pour Serge: Ne touche plus rien, t'as les bons r√©glages! nan"
176,1,"Exceptionnel J'ai appr√©ci√© le professionnalisme du personnel.toufik ahmed amina et serge .shopping, site touristique, restaurant et bars a proximit√©.pr√®s des transports en commun.la chambre est propres pres du centre ville et la gentillesse des personnels sur tout a l'accueil. nan"
177,1,"Exceptionnel Le g√©rant est d'une tr√®s grande gentillesse, l'h√¥tel n'√©tant pas complet, il nous a surclass√© sans frais suppl√©mentaires.
Cet √©tablissement est un excellent rapport qualit√© prix, je vous le recommande ! J'aurai aim√© une d√©coration plus soign√©e."
178,1,Exceptionnel Une petite chanson d'Anniversaire pour ma fille au check-out fa√Æte par la belle voix du sympathique Serge ! nan
179,1,Exceptionnel Tr√®s bonne location. Personnel tr√®s serviable et agr√©able. Bon petit-d√©jeuner. Rien
180,1,"Passable H√¥tel tr√®s bien situ√©, personnel sympathique. Tringle du rideau de la chambre descell√©e du mur.
Et surtout un prix excessif par rapport √† d'habitude, 240 ‚Ç¨ la nuit (au lieu de 110 ‚Ç¨) sous pr√©texte d'une Fashion Week et d'un championnat de Volley."
181,1,Exceptionnel Tout √©tait parfait! nan
182,1,"trop cher pour le niveau de l'hotel Les chambres sont petites et les √©quipements moyens (ventilateur, frigo qui ne refroidit pas, la douche vieillote clim portative cuvette wc qui ne tient pas relev√©e,etc..)
le petit d√©jeuner est tr√®s moyen (table super basse), la r√©ception qui √©teint la tv pour mettre de la musique trop forte
croissants et jus orange de m√©diocre qualit√©. Les quantit√©s juste suffisantes le prix exorbitant (260‚Ç¨ la nuit) pour une chambre petite,des √©quipements v√©tustes, un PDJ bof.
Photos ne refl√®tent pas le niveau de l'√©tablissement"
183,1,"Exceptionnel Tout . L‚Äôaccueil, la propret√©, l‚Äôemplacement. Je n‚Äôai pas test√© le petit-d√©jeuner. Je recommande cet √©tablissement nan"
184,1,Agr√©able Emplacement Insonorisation et qualit√© du petit d√©jeuner
185,1,"Je recommande ! Confort/Emplacement/rapport qualit√© prix Le professionnalisme et le sourire de Serge √† la r√©ception. Un bon point aussi √† Hatim, convivial m√™me a une heure tardive.
La situation g√©ographique. Fonctionnalit√©. La bouilloire et le caf√© dans la chambre. nan"
186,1,Exceptionnel Tout La literie le vrai jus d'orange le matin et un petit d√©jeuner complet et un personnel tr√®s accueillant souriant tr√®s aimable
187,1,"Passable Petit d√©jeuner complet, situation g√©ographique La taille de la chambre n‚Äôest pas celle indiqu√©e sur le site. Tout est extr√™mement compact et entass√©. Impossible de circuler autour du lit.
Climatisation mobile et frigo √©teint tr√®s encombrant."
188,1,"Un s√©jour romantique au coeur d'une merveilleuse capitale PARIS Maurizio Proximit√© de la Gare de l'Est et bus, Accueil courtois et enthousiaste, disponibilit√©, amabilit√© et sens du service du personnel, informations tourisme transports & mobilit√© pr√©cises, propret√© de l'h√¥tel et des chambres au top, Sonorit√© Faible on entends rien :) Excellent confort des chambres et lits, Petit d√©jeuner vari√© et tr√®s app√©tissant, pr√©sence du personnel m√™me √† minuit (s√©curisant), nan"
189,1,"Tout √† fait ce dont nous avions besoin pour ce voyage √† Paris. Petit d√©jeuner tr√®s correct, excellente baguette. 
Propret√© impeccable de la chambre et de la douche et sanitaire, bravo!
Bien calme pour un h√¥tel √† Paris Les si√®ges de la salle manger au petit d√©jeuner, vraiment trop bas et trop profond pour que nous arrivions √† en ressortir facilement surtout pour des personnes ayant des probl√®mes de dos!!!"
190,1,"Exceptionnel Le calme, la situation et la gentillesse de l'accueil. Petit d√©jeuner vari√©, au calme, sans la t√©l√© √† fond. On se sent chez soi. C'est tr√®s cosy. Rien, c'√©tait parfait, conforme au descriptif."
191,1,"Bon  L‚Äôemplacement La vue sur le mur √† 30 cm d√©core de fleurs artificielles et d‚Äôune toile. 
Le film ¬´ alimentaire ¬ª faisant office de ¬´ coupe chaleur.
Le manque de prise pour brancher le t√©l√©phone (1).
La climatisation portative tr√®s bruyante."
192,1,Exceptionnel L'appartement √©tait tr√®s bien et confortable. L'accueil √©tait excellent et tr√®s aimable. La personne a l'accueil a m√™me retenu mon nom. Belle attention. Il n'y a pas d'√©l√©ment que je n'ai pas appr√©ci√©.
193,1,Tr√®s bien ! Personnel sympa ! Tout √©tait parfait !
194,1,S√©jour agr√©able . Rien √† reprocher. Merci au perdonnel dans don ensemble et √† Monsieur TOUFIK en particulier. nan
195,1,"Exceptionnel Confortable, propre et personnel souriant et √† l'√©coute. nan"
196,1,Passable Situation proche des gares (Est et Nord) Chambre trop petite
197,1,"Tr√®s sympa L'emplacement : le quartier avec le canal Saint martin, ses petites ruelles, ses restaurants et son march√© couvert 
Le personnel : tr√®s agr√©able et sympathique nan"
198,1,"Exceptionnel L‚Äôh√¥tel est proche de la gare et m√©tro 
La chambre est propre , confortable .
Le personnel est aimable et attentionn√© .tres bon accueil . 
Le petit d√©jeuner est correct ..
C‚Äôest la 2 eme fois que nous venons dans cet h√¥tel ! Chambre un peu petite"
199,1,"Tr√®s bon s√©jour dans un h√¥tel tr√®s propre et d‚Äôallure moderne. A recommander. Belle chambre propre. D√©coration moderne. SDB impeccable. Lit comfortable. 
Personnel agr√©able. Plut√¥t calme m√™me si l‚Äôiso n‚Äôest pas parfaite comme dans la plupart des h√¥tels parisiens de ce type. 
Tr√®s bonne surprise. Chambre peut-√™tre un peu petite une fois les s valises install√©es."
200,1,Exceptionnel Super accueil chambre propre bien √©quip√©e bien d√©cor√©e calme tr√®s tr√®s bien je recommande Chambre un peu petite
201,1,"Exceptionnel L'accueil du personnel .Merci √† KAMEL de la r√©ception, son coll√®gue de nuit et √† la personne qui s'occupait des petits d√©jeuners. Personnel tr√®s aimable et souriant .Tr√®s bon s√©jour √† l'h√¥tel SOFT 
.A refaire si nous revenons . Annie, Val√©rie et Nathalie . nan"
202,1,"Sejour Vip de r√™ve √† un prix incroyable. L'accueil de Toufik, le delicat parfum dans la chambre (rarissime !). Chambre et salle de bain tr√®s spacieuses, d√©co classe et tendance, la multitude de cha√Ænes . Tres calme. Rapport qualit√© prix sans √©quivalent.... Rien"
203,1,"Exceptionnel proximit√© des gares, calmes, personels adorables. nan"
204,1,"Belle d√©couverte. Confort, calme, excellent rapport qualit√©-prix. L'accueil tr√®s sympathique, la chambre tr√®s calme, le lit confortable, la proximit√© des gares et des restaurants. Rien. Tout √©tait parfait!"
205,1,"H√¥tel agr√©able et bien plac√© La d√©co de la chambre, le fait que l'on ai respect√© notre demande de chambre au calme, l'accueil, la gentillesse du personnel Le beurre p√©rim√© au petit d√®j, et les traces douteuses sur les murs de la salle de bain. Le petit dej est tr√®s basique, on s'attendait √† mieux au vu des photos sur booking, et pour un h√¥tel de cette cat√©gorie. Le petit dej est tr√®s bien pour ceux qui aiment manger sal√©..."
206,1,"Je recommande SOFT H√¥tel confortable
J'envisage de revenir lors d'un prochain voyage √† Paris.
La proximit√© des gares et l'acc√®s pratique et imm√©diat aux bus urbains nan"
207,0,M√©diocre  H√¥tes tr√®s d√©sagr√©able. Fuir... H√¥tes tr√®s d√©sagr√©able. Fuir...
208,0,"Agr√©able Chambre bruyante du √† la proximit√© de l'ascenseur qui vibre lorsque quil fonctionne et de la ventilation de la salle de bain.
Mauvais rapport qualit√©-prix du petit dejeuner Chambre bruyante du √† la proximit√© de l'ascenseur qui vibre lorsque quil fonctionne et de la ventilation de la salle de bain.
Mauvais rapport qualit√©-prix du petit dejeuner"
209,1,"Bon pied √† terre √† Paris. Bon rapport qualit√© prix. Tr√®s bien. Personnel agr√©able. Chambre propre, confortable, bonne literie. Petit d√©jeuner fort correct. Rien"
210,1,"Parfait pour un week-end ! Petite chambre fonctionnelle. Salle de bains impeccable et douche de qualit√©. Personnel aimable. 
Situation calme et √† proximit√© du m√©tro (5 √† 6 minutes √† pied). A recommander. J'aurais pr√©f√©r√© avoir une vraie salle √† manger pour le petit-d√©jeuner plut√¥t que de manger dans le salon."
211,1,"Exceptionnel L‚Äôaccueil, la taille du lit, l‚Äôequipement de la salle de bain. L‚Äôespace restant dans la chambre est limit√© mais ca n‚Äôest pas trop d√©rangeant"
212,1,Visite S√©jour d√©tente agreable nan
213,0,Decevant Literie D√©coration taille de la chambre et de la salle de bain bruit de l ascenseur
214,1,"Bonne situation. Personnel tr√®s agr√©able. Chambres confortables. Accueil tr√®s professionnel et chaleureux.
Chambre tr√®s agr√©able, assez calme.
Literie tr√®s confortable
Bonne situation √† proximit√© de la Gare de l'Est et du Canal Saint-Martin. Un petit espace de rangement pour les affaires / valises..."
215,0,Assez m√©diocre  l'emplacement Chambre avec 3 lits s√©par√© le troisieme lit etait un lit depliant ne pas mesurer plus de 1.80m sinon ca d√©passe devant et derri√®re.
216,0,Passable La situation g√©ographique de l'hotel. La propret√©. Chambre au RDC sans voilage aux fenetres donnant sur cours int√©rieure: oblig√© de vivre rideaux opaques ferm√©s en permanence. Odeur naus√©abonde dans les sanitaires. Bruits du personnel de m√©nage toute la journ√©e. Literie de tr√®s mauvaise qualit√©.
217,1,"Passable Chambre ridiculement petite. 
120 euros c'est beaucoup. La chambre."
218,0,"imp√©ccable dans son ensemble! son accueil et sa d√©co. la proximit√© des restos, du lieu o√π nous devions nous rendre. la vue sur un m√πr!"
219,1,"Top ! Accueil au top comme d'habitude, merci √† Ahmed.
Outre la situation g√©ographique de l'h√¥tel tr√®s pratique, l'accueil fait partie des raisons principales du choix de cet h√¥tel! rien"
220,1,"pratique c'est tout Accueil aimable, le petit d√©jeuner est tr√®s correct et effort louable √† saluer. Salle du petit d√©jeuner au rez de chauss√©e et non en sous sol comme d'autres h√¥tels. Bien situ√© entre gare de l'est et l'h√¥pital Saint Louis proche du canal St-Martin, avec quelques restaurants dont la Taverne De Zhao en face que je vous recommande les yeux ferm√©s. L'isolation phonique quasi inexistante, la moquette dans la chambre et la vue en ouvrant la fen√™tre. Une petite odeur dans la salle d'eau."
221,1,Parfait Lit tr√®s confortable. Petit d√©jeuner copieux et personnel tr√®s accueillant ( merci toufik). nan
222,1,Agr√©able le calme de la chambre et la proximit√© relative de la gare le manque de clim
223,1,Agr√©able chambre 1 personne un peu trop petite chambre 1 personne un peu trop petite
224,1,assez propre et pres de la gare sans defaut flagrant mais vraiment minimum de cette categorie sans defaut flagrant mais vraiment minimum de cette categorie
225,1,Exceptionnel Tr√®s belle h√¥tel accueil du personnel au top √† votre √©coute chambre tr√®s confortable avec tout le confort qui vas avec . Chambre c√¥t√© court tr√®s calme vraiment un s√©jour tr√®s agr√©able je reviendrais l‚Äôor de ma prochaine visite . Bravo Tout a √©t√© dit si dessus
226,1,"Tr√®s bon accueil et jolie chambre. L'accueil √©tait tr√®s bien, chambre accessible avec ascenseur. Chambre bien √©quip√©e, douche spacieuse. Nous avons pass√© un tr√®s bon s√©jour. Le lit √©tait en fait deux lits rassembl√©s, ce qui √©taient parfois g√™nant car assez mobile. Sinon tout √©tait tr√®s bien."
227,1,"Bien  Tr√®s agr√©able accueil,personnel tr√®s avenant et disponible Rien"
228,1,"Fabuleux  La propret√© et la bonne odeur, ce qui est rare dans un 3* a paris ! Rien"
229,1,"S√©jour tr√®s agr√©able Tr√®s bien plac√©, chambre correcte et propre, lit confortable, assez calme. Le personnel √©tait √©galement agr√©able et souriant, merci √† Serge ! nan"
230,1,"h√¥tel agr√©able, bien dispos√©, rue relativement calme, personnel au top. Accueil tr√®s agr√©able, personnel √† l'√©coute et disponible √† toute heure, rend service de suite, merci.
Chambre tr√®s propre, qui sentais bon, agr√©able. chambre un peu petite, pas de prise pr√®s du lit."
231,1,"Tr√®s bon s√©jour L'emplacement dans Paris, la chambre bien isol√©e et bien √©quip√©e et l'accueil chaleureux. L'h√¥tel √©tait tr√®s bien. Peut √™tre une literie un peu trop ferme √† notre go√ªt."
232,1,"Tr√®s bien le caf√© ! 
la clim mobile dans la chambre le caf√© ! 
la clim mobile dans la chambre"
233,1,"Escale parisienne H√¥tel tr√®s propre, personnel tr√®s agr√©able, bonne literie. Nous ne demandions pas plus pour cette petite escale parisienne. Les chambres sont petites mais avec tout le confort n√©cessaire."
234,1,"Une adresse pratique pr√®s de la Gare de l‚ÄôEst Personnel souriant et agr√©able. Chambre simple mais calme. 
Petit d√©jeuner simple mais assez complet et bon Le ventilateur et la clim portable auraient pu enlev√©s, car la chambre √©tait petite et cela aurait permis un gain de place.
Manque cruel de prises"
235,1,Tr√®s bien Rapport qualit√© /prix et emplacement proche de la gare Est Informations peu pr√©cises sur le parking et changement de chambre en derni√®re minute.
236,1,Bien  L‚Äôaccueil Tout est bien
237,0,"Bien  La gentillesse du personnel
Le calme des chambres
L'emplacement de l'hotel Wifi un peu lent"
238,1,"Exceptionnel Tr√®s bon accueil, chambre impeccable et confortable
Merci nan"
239,1,"Je recommande Le personnel est super sympathique, l‚Äôh√¥tel est calme et tr√®s propre. Le petit dej super bon et complet üëçüèº Merci √† Amina qui nous a mis tr√®s √† l‚Äôaise lors du petit d√©jeuner‚ù§Ô∏è Tout s‚Äôest bien pass√©"
240,1,Adresse √† conseiller Emplacement excellent proche de la gare de l'Est nan
241,0,Demander si la chambre est climatis√©e L'accueil du personnel aux petits soins Il n'est pas acceptable d'√™tre un h√¥tel 3 √©toiles et de ne pas voir des chambres climatis√©s. Le climatiseur propos√© dans la chambre est reli√© √† un gros tuyau qui doit √™tre mis √† la fen√™tre ouverte donc au final le rafra√Æchissement est compliqu√©. Bref ce n'est pas la hauteur.
242,1,"Agr√©able L‚Äôaccueil, l‚Äôamabilit√© et la r√©activit√© du personnel.
Avoir une baignoire (avec un b√©b√© de 15 mois c‚Äô√©tait plus facile).
Le ventilateur mis √† disposition
Le calme de la chambre
Proximit√© avec la gare du Nord On √©tait 3 (2 adultes et un b√©b√© de 15 mois) mais √† notre arriv√©e il n‚Äôy avait que des serviettes pour 2 (probl√®me r√©gl√© directement apr√®s ma remarque)
Pas de matelas dans le lit b√©b√©!!! (Heureusement que j‚Äôavais le n√¥tre)
S√®che cheveux en panne (probl√®me r√©gl√© directement apr√®s ma remarque)
Chambre un peu petite pour 3
Ascenseur et couloirs tr√®s √©troits"
